SalePrice,OverallQual,GrLivArea,GarageCars,TotalBsmtSF,FullBath,YearBuilt,YearRemodAdd,MasVnrArea,Fireplaces,MSZoning,Neighborhood,Condition2,MasVnrType,ExterQual,BsmtQual,CentralAir,Electrical,KitchenQual,SaleType
208500,7,1710,2,856,2,2003,2003,196.0,0,RL,CollgCr,Norm,BrkFace,Gd,Gd,Y,SBrkr,Gd,WD
181500,6,1262,2,1262,2,1976,1976,0.0,1,RL,Veenker,Norm,None,TA,Gd,Y,SBrkr,TA,WD
223500,7,1786,2,920,2,2001,2002,162.0,1,RL,CollgCr,Norm,BrkFace,Gd,Gd,Y,SBrkr,Gd,WD
140000,7,1717,3,756,1,1915,1970,0.0,1,RL,Crawfor,Norm,None,TA,TA,Y,SBrkr,Gd,WD
143000,5,1362,2,796,1,1993,1995,0.0,0,RL,Mitchel,Norm,None,TA,Gd,Y,SBrkr,TA,WD
307000,8,1694,2,1686,2,2004,2005,186.0,1,RL,Somerst,Norm,Stone,Gd,Ex,Y,SBrkr,Gd,WD
200000,7,2090,2,1107,2,1973,1973,240.0,2,RL,NWAmes,Norm,Stone,TA,Gd,Y,SBrkr,TA,WD
129900,7,1774,2,952,2,1931,1950,0.0,2,RM,OldTown,Norm,None,TA,TA,Y,FuseF,TA,WD
118000,5,1077,1,991,1,1939,1950,0.0,2,RL,BrkSide,Artery,None,TA,TA,Y,SBrkr,TA,WD
129500,5,1040,1,1040,1,1965,1965,0.0,0,RL,Sawyer,Norm,None,TA,TA,Y,SBrkr,TA,WD
144000,5,912,1,912,1,1962,1962,0.0,0,RL,Sawyer,Norm,None,TA,TA,Y,SBrkr,TA,WD
279500,7,1494,3,1494,2,2006,2007,306.0,1,RL,CollgCr,Norm,Stone,Gd,Gd,Y,SBrkr,Gd,New
157000,6,1253,1,1253,1,1960,1960,212.0,1,RL,NAmes,Norm,BrkFace,TA,TA,Y,SBrkr,TA,WD
132000,7,854,2,832,1,1929,2001,0.0,0,RM,BrkSide,Norm,None,TA,TA,Y,FuseA,TA,WD
149000,6,1004,2,1004,1,1970,1970,180.0,1,RL,NAmes,Norm,BrkFace,TA,TA,Y,SBrkr,TA,WD
159000,5,1114,2,1114,1,2004,2004,0.0,0,RL,SawyerW,Norm,None,TA,TA,Y,SBrkr,Gd,WD
139000,5,1339,1,1029,1,1958,1965,0.0,0,RL,NAmes,Norm,None,TA,TA,Y,SBrkr,TA,COD
139400,7,1108,1,637,1,1930,1950,0.0,1,RM,IDOTRR,Norm,None,TA,TA,Y,FuseF,Gd,WD
230000,8,1795,2,1777,2,2002,2002,281.0,1,RL,CollgCr,Norm,BrkFace,Gd,Gd,Y,SBrkr,Gd,WD
129900,5,1060,2,1040,1,1976,1976,0.0,1,RM,MeadowV,Norm,None,TA,Gd,Y,SBrkr,TA,WD
154000,5,1060,1,1060,1,1968,2001,0.0,1,RL,Sawyer,Norm,None,TA,TA,Y,SBrkr,Gd,WD
134800,5,900,2,900,1,1951,2000,0.0,0,RL,NAmes,Norm,None,TA,TA,Y,SBrkr,Gd,WD
306000,8,1704,3,1704,2,2007,2008,200.0,1,RL,NridgHt,Norm,Stone,Gd,Ex,Y,SBrkr,Gd,WD
207500,5,1600,1,1484,1,1957,1997,0.0,2,RL,NAmes,Norm,None,TA,TA,Y,SBrkr,TA,WD
68500,4,520,1,520,1,1927,1950,0.0,0,RM,BrkSide,RRNn,None,TA,TA,N,SBrkr,Fa,WD
40000,4,1317,1,649,1,1920,1950,0.0,0,C (all),IDOTRR,Norm,None,TA,TA,N,SBrkr,TA,WD
149350,5,1228,1,1228,1,1966,2006,0.0,0,RL,Sawyer,Norm,None,TA,TA,Y,SBrkr,Gd,WD
179900,8,1234,2,1234,2,2007,2007,0.0,0,RL,CollgCr,Norm,None,Gd,Ex,Y,SBrkr,Gd,WD
165500,5,1700,2,1398,1,1959,1959,0.0,1,RL,NAmes,Norm,None,TA,TA,Y,SBrkr,Gd,WD
277500,9,1561,2,1561,2,2005,2005,246.0,1,RL,NridgHt,Norm,BrkFace,Ex,Ex,Y,SBrkr,Ex,WD
309000,8,2452,3,1117,3,2004,2005,132.0,1,RL,NridgHt,Norm,Stone,Gd,Ex,Y,SBrkr,Gd,WD
145000,5,1097,2,1097,1,1994,1995,0.0,0,RL,CollgCr,Norm,None,TA,Gd,Y,SBrkr,TA,WD
109000,5,1057,1,1057,1,1953,2007,0.0,0,RL,NAmes,Norm,None,TA,TA,Y,SBrkr,Gd,WD
160000,6,1324,2,1088,2,1965,1965,101.0,1,RL,NAmes,Norm,BrkFace,TA,TA,Y,SBrkr,TA,WD
170000,5,1328,1,1350,1,1959,1959,0.0,2,RL,Timber,Norm,None,TA,TA,Y,SBrkr,TA,WD
144000,5,884,2,840,1,1983,1983,0.0,0,RL,SawyerW,Norm,None,TA,Gd,Y,SBrkr,Gd,WD
130250,5,938,1,938,1,1975,1980,0.0,0,RL,CollgCr,Norm,None,TA,Gd,Y,SBrkr,TA,WD
141000,5,1150,1,1150,1,1959,1959,0.0,0,RL,NAmes,Norm,None,TA,TA,Y,FuseA,TA,WD
239686,7,2149,2,1434,1,2003,2003,0.0,1,RL,Mitchel,Norm,None,Gd,Ex,Y,SBrkr,Gd,WD
249700,8,1656,3,1656,2,2006,2006,0.0,0,FV,Somerst,Norm,None,Gd,Gd,Y,SBrkr,Gd,WD
113000,4,1452,0,736,2,1920,2008,0.0,0,RM,OldTown,Norm,None,TA,TA,Y,SBrkr,TA,New
127000,5,955,1,955,1,1966,1966,0.0,0,RL,Sawyer,Norm,None,TA,TA,Y,SBrkr,TA,WD
177000,6,1470,2,794,2,1997,1997,0.0,0,RL,Gilbert,Norm,None,TA,Gd,Y,SBrkr,TA,WD
114500,6,1176,2,816,1,1934,1950,0.0,1,RM,BrkSide,Norm,None,TA,TA,Y,SBrkr,TA,WD
110000,5,816,2,816,1,1963,1963,0.0,0,RM,IDOTRR,Norm,None,Fa,Gd,N,SBrkr,TA,WD
130000,5,1360,2,384,1,1955,1955,0.0,1,RL,NAmes,Norm,None,TA,TA,Y,SBrkr,TA,WD
180500,6,1425,2,1425,2,1964,1964,272.0,1,RL,NAmes,Norm,BrkFace,TA,TA,Y,SBrkr,TA,WD
196500,7,1720,2,860,2,2004,2004,0.0,0,RL,CollgCr,Norm,None,Gd,Gd,Y,SBrkr,Gd,WD
124900,5,780,1,780,1,1972,1972,0.0,0,RL,CollgCr,Norm,None,TA,TA,Y,SBrkr,TA,WD
158000,6,1158,2,1158,1,2004,2004,0.0,0,RL,SawyerW,Norm,None,TA,Gd,Y,SBrkr,Gd,New
101000,5,1111,1,530,1,1920,1996,0.0,0,RM,IDOTRR,Norm,None,TA,TA,N,SBrkr,Fa,WD
202500,8,1370,2,1370,2,2006,2006,178.0,1,RL,NridgHt,Norm,Stone,Gd,Gd,Y,SBrkr,Gd,WD
140000,7,1710,2,576,2,1921,1950,0.0,0,RM,OldTown,Feedr,None,TA,TA,Y,SBrkr,TA,WD
317000,8,2473,3,1143,2,2004,2005,344.0,1,RL,NridgHt,Norm,BrkFace,Gd,Ex,Y,SBrkr,Gd,WD
226000,7,1479,2,1453,2,2003,2003,167.0,0,RL,CollgCr,Norm,BrkFace,Gd,Gd,Y,SBrkr,Gd,WD
80000,4,747,1,747,1,1945,1950,0.0,0,RM,OldTown,Norm,None,TA,TA,Y,SBrkr,TA,WD
225000,7,2287,2,1304,2,1953,1953,0.0,1,RL,ClearCr,Norm,None,Gd,TA,Y,SBrkr,TA,WD
129500,4,845,2,845,1,1982,2006,0.0,0,RL,Mitchel,Norm,None,TA,TA,Y,SBrkr,TA,WD
185000,7,1718,2,832,2,1998,1998,40.0,1,RL,Gilbert,Norm,BrkFace,TA,Gd,Y,SBrkr,TA,WD
144900,5,1086,2,1086,1,1954,2003,104.0,0,RL,NAmes,Norm,BrkFace,TA,TA,Y,SBrkr,TA,WD
107400,3,1605,1,840,2,1915,1950,0.0,0,RM,OldTown,Norm,None,Gd,Fa,N,SBrkr,TA,WD
91000,4,988,1,462,1,1973,1973,0.0,0,RM,MeadowV,Norm,None,TA,Gd,Y,SBrkr,TA,WD
135750,4,952,1,952,1,1956,1956,0.0,0,RL,NAmes,Norm,None,TA,TA,Y,FuseA,TA,WD
127000,5,1285,1,672,1,1948,2001,0.0,0,RM,BrkSide,Norm,None,TA,TA,Y,SBrkr,TA,WD
136500,4,1768,0,1768,2,1968,1968,0.0,0,RL,Sawyer,Norm,None,TA,TA,N,SBrkr,TA,WD
110000,5,1230,2,440,1,1910,1981,0.0,0,RM,OldTown,Norm,None,TA,TA,Y,SBrkr,TA,WD
126500,5,1065,2,1065,1,1960,1960,66.0,0,RL,NAmes,Norm,BrkCmn,TA,TA,Y,SBrkr,TA,COD
168500,7,1474,2,384,2,1995,1996,22.0,1,RL,Gilbert,Norm,BrkFace,TA,Gd,Y,SBrkr,TA,WD
260000,8,2417,2,1288,2,1991,1992,284.0,1,RL,NoRidge,Norm,BrkFace,Gd,Gd,Y,SBrkr,Gd,WD
174000,6,1560,2,684,2,2005,2005,0.0,1,RL,Gilbert,Norm,None,Gd,Gd,Y,SBrkr,Gd,WD
164500,6,1224,2,612,2,2009,2009,76.0,0,FV,Somerst,Norm,Stone,Gd,Gd,Y,SBrkr,Gd,New
85000,3,1526,0,1013,1,1915,1982,0.0,0,C (all),IDOTRR,Feedr,None,Fa,TA,N,SBrkr,Fa,ConLD
123600,4,990,0,990,1,1994,1995,0.0,0,RL,CollgCr,Norm,None,TA,Gd,Y,SBrkr,TA,WD
98600,5,1235,2,1235,1,1961,1961,203.0,0,RL,NAmes,Norm,BrkCmn,TA,TA,Y,SBrkr,TA,WD
163500,5,964,2,876,1,1921,2006,0.0,0,RL,Crawfor,Norm,None,TA,Gd,Y,SBrkr,TA,WD
133900,6,2291,2,1214,2,1910,1998,0.0,1,C (all),OldTown,Norm,None,TA,TA,N,SBrkr,TA,WD
204750,6,1786,2,824,2,1997,1997,0.0,0,RL,CollgCr,Norm,None,TA,Gd,Y,SBrkr,Gd,WD
185000,6,1470,2,680,2,1993,1993,68.0,1,RL,Gilbert,Norm,BrkFace,Ex,Gd,Y,SBrkr,TA,WD
214000,7,1588,2,1588,2,1999,1999,183.0,0,RL,CollgCr,Norm,BrkFace,Gd,Gd,Y,SBrkr,Gd,WD
94750,4,960,1,960,1,1965,1965,48.0,0,RL,Edwards,Norm,BrkFace,TA,TA,Y,FuseF,TA,WD
83000,5,835,1,458,1,1920,1950,0.0,0,RL,Edwards,Norm,None,TA,TA,N,SBrkr,TA,COD
128950,4,1225,0,950,1,1959,1959,0.0,0,RL,NAmes,Norm,None,TA,TA,Y,SBrkr,TA,WD
205000,6,1610,2,1610,2,1977,2001,28.0,2,RL,NWAmes,Norm,BrkFace,TA,TA,Y,SBrkr,Gd,WD
178000,6,1732,2,741,2,1985,1985,336.0,1,RL,SawyerW,Norm,BrkFace,Gd,Gd,Y,SBrkr,Gd,WD
198900,7,1226,3,1226,2,2009,2009,0.0,0,RL,CollgCr,Norm,None,TA,Gd,Y,SBrkr,Gd,WD
115000,5,789,1,789,1,1948,1950,0.0,0,RM,OldTown,Norm,None,TA,TA,Y,SBrkr,TA,WD
115000,5,1517,0,793,2,1919,2005,0.0,0,RM,IDOTRR,Norm,None,TA,TA,N,FuseF,Fa,WD
136900,6,1855,1,994,2,1954,1972,0.0,0,RL,Edwards,Norm,None,TA,TA,Y,SBrkr,TA,WD
180000,7,1430,2,384,2,2000,2000,0.0,1,RL,Gilbert,Norm,None,TA,Gd,Y,SBrkr,TA,WD
217000,6,2259,2,1809,2,1953,1953,184.0,2,RL,Crawfor,Norm,BrkFace,TA,Gd,Y,SBrkr,Gd,COD
259500,6,2320,1,1028,2,1945,2002,0.0,1,RL,Crawfor,Norm,None,TA,TA,Y,SBrkr,Gd,WD
139000,5,1092,1,1092,1,1962,1962,116.0,1,RL,Sawyer,Norm,BrkFace,TA,TA,Y,SBrkr,TA,WD
155000,5,1125,2,1125,1,2006,2007,0.0,0,RL,Edwards,Norm,None,TA,Gd,Y,SBrkr,TA,New
163990,6,1456,2,728,2,2005,2006,0.0,1,RL,CollgCr,Norm,None,Gd,Gd,Y,SBrkr,Gd,New
180000,6,988,2,938,1,1969,1969,0.0,2,RL,ClearCr,Norm,None,TA,TA,Y,SBrkr,TA,WD
100000,4,1123,1,732,1,1939,1950,0.0,0,RM,IDOTRR,Norm,None,TA,TA,Y,SBrkr,TA,WD
136000,6,1080,1,1080,1,1958,1958,135.0,0,RL,NAmes,Norm,BrkFace,TA,TA,Y,SBrkr,TA,WD
153900,6,1199,2,1199,2,1993,1993,0.0,0,RL,SawyerW,Norm,None,Gd,Gd,Y,SBrkr,Gd,WD
181000,6,1586,2,1362,2,1979,1998,0.0,1,RL,NWAmes,Norm,None,TA,Gd,Y,SBrkr,TA,WD
84500,6,754,0,520,1,1935,1982,0.0,0,RM,IDOTRR,Norm,None,TA,TA,N,SBrkr,TA,WD
128000,6,958,2,1078,2,1976,1976,0.0,1,RL,NPkVill,Norm,None,TA,Gd,Y,SBrkr,TA,WD
87000,5,840,0,672,1,1930,1950,0.0,1,RM,OldTown,Norm,None,TA,TA,Y,SBrkr,TA,WD
155000,6,1348,2,660,1,1966,1966,266.0,1,RL,NAmes,Norm,BrkFace,TA,TA,Y,SBrkr,TA,WD
150000,5,1053,2,1008,1,1958,1991,85.0,0,RL,NAmes,Norm,BrkFace,TA,TA,Y,FuseA,Ex,WD
226000,7,2157,2,924,2,1966,1966,309.0,2,RL,NAmes,Norm,BrkFace,TA,TA,Y,SBrkr,Gd,WD
244000,6,2054,2,992,2,2000,2000,40.0,1,RL,Gilbert,Norm,BrkFace,Gd,Gd,Y,SBrkr,Gd,WD
150750,5,1327,2,1063,1,1959,2002,0.0,0,RL,NAmes,Norm,None,TA,TA,Y,SBrkr,Gd,WD
220000,8,1296,2,1267,2,2001,2002,136.0,0,RL,Timber,Norm,BrkFace,Gd,Ex,Y,SBrkr,Gd,WD
180000,5,1721,2,1461,2,1968,1993,0.0,1,RL,Sawyer,Norm,None,TA,TA,Y,SBrkr,TA,WD
174000,7,1682,2,1304,2,1970,1970,288.0,1,RL,NWAmes,Norm,BrkFace,TA,TA,Y,SBrkr,TA,WD
143000,5,1214,1,1214,2,1967,1967,196.0,1,RL,NAmes,Norm,BrkFace,TA,TA,Y,SBrkr,TA,WD
171000,7,1959,3,1907,3,1988,1989,70.0,0,RL,Mitchel,Norm,BrkFace,TA,TA,Y,SBrkr,TA,WD
230000,8,1852,3,1004,2,1999,2000,320.0,2,RL,CollgCr,Norm,BrkFace,Gd,Gd,Y,SBrkr,Gd,WD
231500,6,1764,2,928,2,1997,1997,0.0,0,RL,CollgCr,Norm,None,TA,Gd,Y,SBrkr,Gd,WD
115000,4,864,0,864,1,1971,1971,0.0,1,RL,NAmes,Norm,None,TA,TA,Y,SBrkr,TA,ConLI
260000,7,1734,2,1734,2,2005,2005,0.0,0,RL,CollgCr,Norm,None,Gd,Gd,Y,SBrkr,Gd,WD
166000,5,1385,2,910,2,1952,1952,0.0,0,RL,NAmes,Norm,None,TA,TA,Y,SBrkr,TA,WD
204000,7,1501,2,1490,2,1999,1999,183.0,0,RL,CollgCr,Norm,BrkFace,Gd,Gd,Y,SBrkr,Gd,WD
125000,5,1728,2,1728,2,1963,1963,336.0,0,RM,Sawyer,Norm,BrkFace,TA,TA,Y,SBrkr,TA,ConLI
130000,6,1709,2,970,2,2004,2006,50.0,0,RM,Edwards,Norm,Stone,Gd,Gd,Y,SBrkr,Gd,WD
105000,5,875,1,715,1,1931,1993,0.0,0,RM,BrkSide,Norm,None,TA,TA,Y,FuseA,TA,WD
222500,7,2035,2,884,2,2001,2001,180.0,1,RL,Gilbert,Norm,BrkFace,Gd,Gd,Y,SBrkr,Gd,WD
141000,7,1080,0,1080,1,2004,2005,120.0,0,RL,SawyerW,Norm,BrkFace,TA,Gd,Y,SBrkr,Gd,WD
115000,5,1344,1,896,1,1936,1950,0.0,0,RM,BrkSide,Norm,None,TA,Gd,Y,FuseA,TA,WD
122000,5,969,2,969,1,1975,1975,0.0,0,RL,CollgCr,Norm,None,TA,TA,Y,SBrkr,TA,WD
190000,6,1993,2,825,2,1971,1971,252.0,1,RL,NWAmes,Norm,BrkFace,TA,TA,Y,SBrkr,TA,WD
235000,6,1252,2,1602,1,1960,1975,0.0,1,RL,ClearCr,Norm,None,TA,Gd,Y,SBrkr,TA,WD
125000,6,1200,1,1200,1,1923,1950,0.0,0,RM,OldTown,Norm,None,TA,TA,Y,FuseA,TA,WD
79000,6,1096,0,572,1,1924,1950,0.0,0,RL,Edwards,Norm,None,TA,TA,N,FuseF,TA,WD
269500,8,1968,3,774,2,2009,2010,84.0,1,RL,Timber,Norm,BrkFace,Gd,Ex,Y,SBrkr,Ex,New
254900,7,1947,2,991,2,2004,2005,0.0,1,FV,Somerst,Norm,None,Gd,Gd,Y,SBrkr,Gd,WD
162500,6,1232,2,1232,2,1984,1984,0.0,0,RL,Veenker,Norm,None,TA,Gd,Y,SBrkr,TA,WD
220000,7,1541,2,1541,2,2005,2005,226.0,1,RL,NridgHt,Norm,BrkFace,Gd,Gd,Y,SBrkr,Gd,New
103200,4,882,0,882,1,1956,1956,0.0,0,RL,OldTown,Norm,None,TA,TA,Y,SBrkr,TA,WD
152000,6,1616,1,1149,2,1926,2004,0.0,0,RM,OldTown,Norm,None,TA,TA,Y,FuseA,Gd,WD
127500,5,1355,0,644,2,1940,1999,0.0,0,RL,Edwards,Norm,None,TA,TA,Y,SBrkr,TA,WD
325624,8,2161,3,1582,1,2007,2007,300.0,1,RL,NridgHt,Norm,Stone,Gd,Ex,Y,SBrkr,Ex,New
183500,7,1720,2,840,2,2004,2004,0.0,1,RL,Gilbert,Norm,None,Gd,Gd,Y,SBrkr,Gd,WD
128500,5,1382,2,720,1,1941,1950,0.0,0,RM,OldTown,Norm,None,TA,TA,Y,SBrkr,TA,WD
215000,6,1656,2,1080,1,1960,1960,112.0,2,RL,NAmes,Norm,Stone,TA,TA,Y,SBrkr,TA,WD
239000,7,1767,2,1064,2,1987,1987,0.0,1,RL,StoneBr,Norm,None,Gd,Gd,Y,SBrkr,Gd,WD
184000,6,1651,2,1606,2,1986,1986,132.0,1,RL,Timber,Norm,Stone,TA,Gd,Y,SBrkr,TA,WD
243000,6,2158,2,1202,2,1950,2001,0.0,1,RL,Edwards,Norm,None,TA,TA,Y,SBrkr,Gd,WD
211000,6,2060,2,1151,2,1988,1989,268.0,1,RL,ClearCr,Norm,BrkFace,Gd,Gd,Y,SBrkr,TA,WD
172500,5,1920,2,1052,2,1958,1958,0.0,1,RL,Sawyer,Norm,None,Gd,TA,Y,SBrkr,Gd,WD
100000,5,968,2,968,1,1923,2006,0.0,0,RM,OldTown,Norm,None,Gd,TA,Y,SBrkr,TA,WD
200100,7,1802,1,793,1,1920,1950,0.0,1,RL,Crawfor,Norm,None,TA,Fa,Y,SBrkr,TA,WD
200000,7,2082,2,1362,2,2003,2003,0.0,0,RM,OldTown,Norm,None,TA,Gd,Y,SBrkr,Gd,WD
127000,5,1252,2,504,1,1908,1991,0.0,0,RL,BrkSide,Feedr,None,TA,Fa,Y,SBrkr,TA,WD
173000,7,1217,2,1188,2,1990,1991,0.0,0,RL,Mitchel,Norm,None,TA,Gd,Y,SBrkr,Gd,WD
135000,5,1656,1,660,2,1916,1987,0.0,0,RL,OldTown,Norm,None,TA,Fa,Y,SBrkr,TA,WD
153337,5,1224,2,1086,0,1979,1979,275.0,2,RL,SawyerW,Norm,Stone,TA,Gd,Y,SBrkr,TA,WD
286000,8,1593,2,1593,1,2001,2002,0.0,1,RL,StoneBr,Norm,None,Gd,Ex,Y,SBrkr,Ex,WD
184000,7,1479,2,725,1,1972,2004,138.0,0,RL,NAmes,Norm,BrkFace,TA,TA,Y,SBrkr,Gd,WD
192000,7,1431,2,1431,2,1999,1999,0.0,0,RL,CollgCr,Norm,None,Gd,Gd,Y,SBrkr,Gd,WD
130000,7,1709,2,970,2,2004,2004,50.0,0,RM,Edwards,Norm,Stone,Gd,Gd,Y,SBrkr,Gd,WD
127000,5,864,1,864,1,1972,1972,0.0,0,RL,CollgCr,Norm,None,TA,TA,Y,SBrkr,TA,WD
148500,6,1456,2,855,2,1976,1976,0.0,1,RL,NPkVill,Norm,None,TA,Gd,Y,SBrkr,TA,WD
311872,7,1726,3,1726,2,2007,2007,205.0,1,RL,Somerst,Norm,Stone,Ex,Ex,Y,SBrkr,Ex,New
104000,6,2229,0,755,1,1912,1950,0.0,0,RM,OldTown,Norm,None,TA,TA,Y,SBrkr,TA,WD
274900,8,1713,3,1713,2,2004,2005,262.0,1,RL,NridgHt,Norm,BrkFace,Gd,Ex,Y,SBrkr,Ex,WD
140000,4,1121,2,1121,2,2003,2004,0.0,0,RM,Edwards,Norm,None,TA,Gd,Y,SBrkr,TA,WD
171500,6,1279,2,1196,2,1977,1977,0.0,2,RL,Mitchel,Norm,None,TA,TA,Y,SBrkr,TA,WD
112000,6,1310,1,617,2,1924,1950,0.0,0,RL,OldTown,Norm,None,TA,Fa,Y,SBrkr,TA,COD
149000,6,848,2,848,1,2004,2004,205.0,1,RM,CollgCr,Norm,BrkFace,Gd,Gd,Y,SBrkr,Gd,WD
110000,5,1284,1,720,1,1947,1950,0.0,0,RM,OldTown,Norm,None,TA,TA,Y,SBrkr,TA,WD
180500,7,1442,2,1424,2,1990,1990,0.0,0,RL,Gilbert,Norm,None,TA,Gd,Y,SBrkr,TA,WD
143900,5,1696,1,1140,1,1962,1962,0.0,1,RL,Sawyer,Norm,None,TA,TA,Y,SBrkr,TA,WD
141000,4,1100,1,1100,1,1960,1960,0.0,1,RL,NAmes,Norm,None,TA,TA,Y,SBrkr,TA,WD
277000,7,2062,2,1157,2,1988,1989,128.0,1,RL,SawyerW,Norm,BrkFace,Gd,Gd,Y,SBrkr,TA,WD
145000,6,1092,2,1092,1,1964,1964,260.0,0,RL,NAmes,Norm,Stone,TA,Gd,Y,SBrkr,TA,WD
98000,5,864,0,864,1,1925,1950,0.0,0,RL,Edwards,Norm,None,TA,TA,N,FuseA,TA,WD
186000,6,1212,2,1212,2,2009,2009,0.0,0,RL,Edwards,Norm,None,TA,Gd,Y,SBrkr,Gd,WD
252678,7,1852,2,900,2,2009,2009,0.0,1,FV,Somerst,Norm,None,TA,Gd,Y,SBrkr,Gd,New
156000,5,990,2,990,1,1995,1995,0.0,0,RL,CollgCr,Norm,None,TA,Gd,Y,SBrkr,TA,WD
161750,6,1392,1,689,1,1977,1977,153.0,0,RL,CollgCr,Norm,BrkFace,TA,Gd,Y,SBrkr,TA,WD
134450,5,1236,1,1070,1,1957,1996,64.0,1,RL,NAmes,Norm,BrkFace,TA,TA,Y,SBrkr,Gd,WD
210000,7,1436,2,1436,2,2004,2004,266.0,0,RL,CollgCr,Norm,BrkFace,Gd,Gd,Y,SBrkr,Gd,WD
107000,4,1328,1,686,1,1925,1950,0.0,0,RM,OldTown,Norm,None,TA,TA,N,SBrkr,TA,WD
311500,7,1954,2,798,1,1939,2006,312.0,2,RL,Crawfor,Norm,BrkFace,Gd,TA,Y,SBrkr,Gd,WD
167240,7,1248,2,1248,2,2005,2006,16.0,0,RL,Blmngtn,Norm,BrkFace,Gd,Gd,Y,SBrkr,Gd,New
204900,7,1498,2,1498,2,2006,2006,0.0,0,RL,CollgCr,Norm,None,Gd,Gd,Y,SBrkr,Gd,New
200000,6,2267,2,1010,2,2002,2002,0.0,1,RL,Gilbert,Norm,None,Gd,Gd,Y,SBrkr,Gd,ConLI
179900,6,1552,2,713,2,1975,1975,0.0,1,RL,NWAmes,Norm,None,TA,Gd,Y,SBrkr,TA,WD
97000,4,864,2,864,1,1971,1971,0.0,0,RL,NAmes,Norm,None,TA,TA,Y,SBrkr,TA,WD
112000,5,1302,1,630,2,1971,1971,142.0,0,RM,BrDale,Norm,BrkFace,TA,TA,Y,SBrkr,TA,COD
290000,7,2520,3,1203,2,1995,1995,290.0,1,RL,NoRidge,Norm,BrkFace,Gd,Gd,Y,SBrkr,Gd,WD
106000,6,987,1,483,1,1970,1970,127.0,0,RM,BrDale,Norm,BrkFace,TA,TA,Y,SBrkr,TA,WD
125000,5,912,1,912,1,1967,1967,0.0,1,RL,Sawyer,Norm,None,TA,TA,Y,SBrkr,TA,WD
192500,7,1555,2,1373,2,2005,2006,16.0,1,RL,Blmngtn,Norm,BrkFace,Gd,Gd,Y,SBrkr,Gd,WD
148000,6,1194,1,1194,1,1959,1959,220.0,0,RL,NAmes,Norm,BrkFace,TA,TA,Y,SBrkr,TA,WD
94500,6,987,1,483,1,1972,1972,297.0,1,RM,BrDale,Norm,BrkFace,TA,TA,Y,SBrkr,TA,WD
128200,5,894,1,894,1,1976,1976,0.0,0,RL,CollgCr,Norm,None,TA,TA,Y,SBrkr,TA,WD
216500,6,1960,2,860,2,2002,2002,103.68526170798899,2,RL,Gilbert,Norm,None,Gd,Gd,Y,SBrkr,Gd,WD
185500,7,1414,2,1414,2,2004,2004,98.0,0,RL,CollgCr,Norm,BrkFace,Gd,Gd,Y,SBrkr,Gd,WD
194500,7,1744,2,996,2,1993,2003,0.0,0,RL,SawyerW,Norm,None,Gd,Gd,Y,SBrkr,Gd,WD
318000,8,1694,3,1694,2,2007,2007,254.0,0,RL,NridgHt,Norm,BrkFace,Ex,Ex,Y,SBrkr,Gd,New
113000,6,1487,1,735,1,1945,1950,0.0,1,RL,Edwards,Norm,None,TA,TA,Y,FuseA,TA,WD
262500,8,1566,2,1566,2,2008,2008,36.0,0,FV,Somerst,Norm,Stone,Gd,Gd,Y,SBrkr,Gd,WD
110500,5,866,0,686,1,1945,1997,0.0,0,RM,OldTown,Norm,None,TA,TA,Y,SBrkr,Gd,WD
79000,5,1440,1,540,1,1900,1950,0.0,0,RM,OldTown,Norm,None,TA,TA,N,FuseA,TA,WD
120000,6,1217,1,626,1,1980,1980,0.0,1,RL,SawyerW,Norm,None,TA,Gd,Y,SBrkr,TA,WD
205000,7,2110,2,948,2,1994,2002,0.0,2,RL,SawyerW,Norm,None,Gd,Gd,Y,SBrkr,Gd,WD
241500,7,1872,2,1845,2,1988,1988,102.0,1,RL,NWAmes,Norm,BrkFace,TA,Gd,Y,SBrkr,TA,WD
137000,6,1928,1,1020,2,1910,1950,0.0,0,RM,OldTown,Norm,None,TA,Fa,N,FuseP,Fa,WD
140000,6,1375,2,1367,1,1954,1954,0.0,1,RL,NAmes,Norm,None,TA,TA,Y,SBrkr,TA,WD
180000,7,1668,2,840,2,2003,2003,101.0,0,RL,CollgCr,Norm,BrkFace,Gd,Gd,Y,SBrkr,Gd,WD
76500,3,1306,0,728,1,1940,1966,0.0,0,RL,BrkSide,Norm,None,TA,TA,Y,SBrkr,Fa,WD
173000,6,1640,2,798,2,2004,2004,0.0,0,RL,SawyerW,Norm,None,Gd,Gd,Y,SBrkr,Gd,WD
158000,6,1302,1,1302,2,1964,1991,108.0,0,RL,NAmes,Norm,BrkFace,TA,Gd,Y,SBrkr,Gd,CWD
145000,5,1314,1,1314,1,1957,1957,0.0,0,RL,NAmes,Norm,None,TA,TA,Y,SBrkr,TA,WD
230000,7,2291,2,975,2,1999,1999,302.0,1,RL,Gilbert,Norm,BrkFace,Gd,Gd,Y,SBrkr,Gd,WD
207500,6,1728,2,864,2,2003,2003,0.0,0,FV,Somerst,Norm,None,Gd,Gd,Y,SBrkr,Gd,WD
220000,7,1604,2,1604,2,2006,2006,180.0,1,RL,CollgCr,Norm,Stone,Gd,Gd,Y,SBrkr,Gd,WD
231500,7,1792,2,963,2,2001,2001,172.0,1,RL,CollgCr,Norm,BrkFace,Gd,Gd,Y,SBrkr,Gd,WD
276000,8,2574,3,1482,2,2007,2007,270.0,1,RL,CollgCr,Norm,Stone,Gd,Ex,Y,SBrkr,Ex,New
151000,6,1212,2,506,1,1977,1995,46.0,1,RL,Sawyer,Norm,BrkFace,TA,Gd,Y,SBrkr,TA,WD
130000,5,1316,2,926,1,1929,2001,0.0,0,RM,OldTown,Norm,None,TA,TA,Y,SBrkr,TA,WD
73000,5,764,2,680,1,1925,2004,0.0,0,RM,OldTown,Norm,None,TA,Fa,N,FuseP,TA,WD
175500,6,1422,2,1422,2,1981,1981,210.0,1,RL,NWAmes,Norm,BrkFace,TA,Gd,Y,SBrkr,Gd,WD
185000,6,1511,2,802,2,1997,1997,0.0,1,RL,Gilbert,Norm,None,TA,Gd,Y,SBrkr,TA,WD
179500,5,2192,1,720,2,1939,1997,0.0,1,RL,SWISU,Norm,None,TA,TA,Y,SBrkr,Gd,WD
120500,5,778,1,740,1,1940,1955,0.0,1,RM,IDOTRR,Norm,None,TA,TA,Y,SBrkr,TA,WD
148000,6,1113,1,1143,1,1976,1976,174.0,1,RL,Edwards,Norm,BrkFace,TA,TA,Y,SBrkr,TA,WD
266000,8,1939,3,1095,2,2006,2006,0.0,1,FV,Somerst,Norm,None,Gd,Gd,Y,SBrkr,Gd,New
241500,7,1363,2,1385,1,1954,2005,0.0,2,RL,ClearCr,Norm,None,TA,Gd,Y,SBrkr,TA,WD
290000,8,2270,3,1152,2,1999,2007,348.0,1,RL,NoRidge,Norm,BrkFace,Gd,Gd,Y,SBrkr,Gd,WD
139000,6,1632,1,1240,2,1958,1988,183.0,1,RL,NAmes,Norm,BrkCmn,TA,TA,Y,SBrkr,TA,WD
124500,5,816,1,816,1,1982,1982,0.0,0,RL,Mitchel,Norm,None,TA,TA,Y,SBrkr,TA,WD
205000,7,1548,2,952,2,1925,2007,0.0,0,RL,BrkSide,Norm,None,Gd,TA,N,SBrkr,Ex,WD
201000,7,1560,2,1560,2,2003,2003,0.0,0,RL,Mitchel,Norm,None,Gd,Ex,Y,SBrkr,Gd,WD
141000,4,864,2,864,1,1951,1951,0.0,0,RL,Gilbert,Norm,None,TA,TA,Y,SBrkr,TA,WD
192000,7,2022,2,1160,2,1977,1977,299.0,1,RL,ClearCr,Norm,BrkFace,TA,Gd,Y,SBrkr,TA,WD
228500,7,1982,2,807,2,1989,1989,340.0,1,RL,SawyerW,Norm,BrkFace,Gd,Gd,Y,SBrkr,Gd,WD
185000,6,1262,2,1262,2,2006,2006,68.0,0,FV,Somerst,Norm,Stone,Gd,Gd,Y,SBrkr,Gd,New
207500,7,1314,2,1314,2,2007,2008,166.0,1,RL,NridgHt,Norm,Stone,Gd,Gd,Y,SBrkr,Gd,ConLw
244600,8,1468,3,1468,2,2008,2009,72.0,1,RL,Somerst,Norm,Stone,Gd,Gd,Y,SBrkr,Gd,New
179200,6,1575,2,1575,2,1992,1992,0.0,0,RL,SawyerW,Norm,None,Gd,Gd,Y,SBrkr,Gd,WD
164700,7,1250,2,625,2,2006,2007,0.0,0,FV,Somerst,Norm,None,Gd,Gd,Y,SBrkr,Gd,New
159000,6,1734,2,912,1,1962,1981,0.0,1,RL,NAmes,Norm,None,TA,TA,Y,SBrkr,Gd,WD
88000,4,858,0,858,1,1971,1971,0.0,0,RL,NAmes,Norm,None,TA,TA,Y,SBrkr,TA,WD
122000,5,900,1,882,1,1967,1967,31.0,0,RL,Sawyer,Norm,BrkFace,TA,TA,Y,SBrkr,TA,WD
153575,6,1396,1,698,1,1915,2003,0.0,0,RL,BrkSide,Norm,None,TA,TA,Y,FuseA,TA,WD
233230,8,1919,2,1079,2,2006,2006,0.0,1,RL,CollgCr,Norm,None,Gd,Gd,Y,SBrkr,Gd,New
135900,5,1716,0,780,2,1912,2000,0.0,0,RL,SWISU,Norm,None,TA,TA,N,SBrkr,Fa,WD
131000,5,1716,1,768,1,1949,2008,0.0,1,RL,Edwards,Norm,None,TA,TA,Y,SBrkr,TA,WD
235000,7,2263,2,795,2,1977,1994,34.0,1,RL,NWAmes,Norm,BrkFace,TA,TA,Y,SBrkr,Gd,WD
167000,6,1644,2,1416,1,1953,1953,238.0,2,RL,NAmes,Norm,Stone,TA,TA,Y,SBrkr,TA,WD
142500,6,1003,2,1003,1,1984,1984,0.0,0,RL,Mitchel,Norm,None,TA,TA,Y,SBrkr,TA,WD
152000,5,1558,1,910,1,1950,1950,0.0,0,RM,IDOTRR,Norm,None,TA,TA,Y,FuseA,TA,WD
158500,6,1152,1,1092,1,1950,2004,0.0,1,RL,Crawfor,Norm,None,TA,TA,Y,SBrkr,Gd,WD
157000,5,1336,1,1165,1,1953,1953,56.0,2,RL,Crawfor,Norm,BrkFace,TA,TA,Y,SBrkr,TA,WD
267000,8,2452,2,1028,2,1998,1999,0.0,1,RL,CollgCr,Norm,None,Gd,Gd,Y,SBrkr,Gd,WD
205000,7,1541,3,1541,2,2001,2002,150.0,1,RL,CollgCr,Norm,BrkFace,Gd,Gd,Y,SBrkr,Gd,WD
149900,5,894,2,894,1,1972,1972,0.0,0,RL,CollgCr,Norm,None,TA,TA,Y,SBrkr,TA,WD
225000,7,2243,3,700,2,1990,1991,246.0,1,RL,SawyerW,Norm,BrkFace,Gd,Gd,Y,SBrkr,Gd,WD
89500,6,1406,0,319,1,1920,1950,0.0,0,RM,IDOTRR,Norm,None,TA,TA,Y,FuseA,Fa,WD
82500,4,861,2,861,1,1940,1950,0.0,0,RL,Edwards,Norm,None,TA,TA,Y,SBrkr,TA,WD
165600,6,1501,2,697,2,1993,1994,112.0,1,RL,Gilbert,Norm,BrkFace,TA,Gd,Y,SBrkr,Gd,WD
132000,6,972,1,972,1,1948,2002,0.0,1,RL,NAmes,Norm,None,TA,TA,Y,SBrkr,TA,WD
119900,5,1118,2,793,1,1939,1950,0.0,1,RM,OldTown,Norm,None,TA,Gd,Y,SBrkr,TA,WD
178000,7,1641,2,728,1,1925,1990,0.0,1,RM,OldTown,Norm,None,TA,TA,Y,SBrkr,Ex,WD
188500,7,1432,2,716,2,2004,2005,0.0,1,RL,Gilbert,Norm,None,Gd,Gd,Y,SBrkr,Gd,WD
260000,7,2353,2,845,2,1980,1980,278.0,1,RL,NWAmes,Norm,BrkFace,Gd,Gd,Y,SBrkr,Ex,WD
270000,8,1959,3,1088,2,2006,2006,0.0,1,FV,Somerst,Norm,None,Gd,Gd,Y,SBrkr,Gd,WD
187500,7,1472,2,1372,2,1980,1980,225.0,2,RL,NWAmes,Norm,BrkFace,TA,Gd,Y,SBrkr,TA,WD
126175,3,1163,1,1162,1,1955,2005,0.0,0,RM,OldTown,Norm,None,TA,TA,Y,SBrkr,TA,WD
87000,5,803,2,720,1,1941,1950,0.0,0,RM,IDOTRR,Norm,None,TA,TA,N,FuseF,TA,WD
324000,8,1719,2,1719,1,1993,1993,0.0,2,RL,Veenker,Norm,None,Gd,Gd,Y,SBrkr,Gd,Con
145250,6,1383,1,1383,1,1960,1960,175.0,0,RL,NAmes,Norm,BrkFace,TA,TA,Y,SBrkr,TA,WD
214500,6,2134,2,844,2,1916,1994,0.0,0,RL,BrkSide,Norm,None,TA,TA,N,FuseA,Gd,WD
78000,5,1192,1,596,1,1920,1950,0.0,0,RM,IDOTRR,Norm,None,TA,TA,N,SBrkr,TA,WD
119000,5,1728,1,1728,2,1964,1964,84.0,0,RL,NAmes,Norm,BrkFace,TA,TA,Y,SBrkr,TA,WD
139000,5,1056,1,1056,1,1958,1992,0.0,0,RL,NAmes,Norm,None,TA,TA,Y,SBrkr,TA,WD
207000,7,1358,2,1358,2,2004,2004,146.0,1,RM,NridgHt,Norm,Stone,Gd,Gd,Y,SBrkr,Gd,WD
192000,6,1638,2,943,2,1998,1998,0.0,2,RL,Gilbert,Norm,None,TA,Gd,Y,SBrkr,TA,WD
228950,5,1786,2,1499,2,1965,1965,0.0,2,RL,Timber,Norm,None,TA,TA,Y,SBrkr,TA,WD
214000,7,1536,2,1536,2,2002,2003,113.0,0,RL,CollgCr,Norm,BrkFace,Gd,Gd,Y,SBrkr,Gd,WD
202500,7,1621,2,1208,2,1984,1998,0.0,0,RL,NWAmes,Norm,None,Gd,Gd,Y,SBrkr,Gd,WD
155000,6,1215,1,1215,1,1958,1998,176.0,0,RL,NAmes,Norm,BrkFace,TA,TA,Y,FuseA,TA,WD
202900,8,1908,2,967,2,2002,2002,0.0,0,RL,Timber,Norm,None,Gd,Gd,Y,SBrkr,Gd,WD
82000,4,841,1,721,1,1950,1950,0.0,0,RH,SawyerW,Norm,None,Fa,TA,Y,SBrkr,TA,WD
85000,5,1112,1,536,1,1976,1976,0.0,0,RM,MeadowV,Norm,None,TA,Gd,Y,SBrkr,TA,WD
140200,6,1577,1,972,1,1939,1950,0.0,1,RL,BrkSide,Norm,None,TA,TA,Y,SBrkr,Fa,WD
151500,6,958,1,958,1,1960,1998,0.0,0,RL,NAmes,Norm,None,TA,TA,Y,SBrkr,TA,WD
157500,6,1478,2,1478,2,1960,1960,30.0,2,RL,NAmes,Norm,BrkFace,TA,TA,Y,FuseA,TA,WD
154000,7,1626,2,764,2,2003,2004,106.0,0,RL,NridgHt,Norm,Stone,Gd,Gd,Y,SBrkr,Gd,WD
190000,7,1453,2,1453,1,1986,1986,0.0,1,RL,ClearCr,Norm,None,TA,Gd,Y,SBrkr,Gd,WD
95000,5,1111,1,616,1,1941,1950,0.0,0,RL,Edwards,Norm,None,TA,TA,N,SBrkr,TA,ConLw
105900,6,720,2,624,1,1928,2003,0.0,0,RM,OldTown,Norm,None,TA,TA,Y,SBrkr,TA,WD
140000,6,1595,1,940,1,1940,2000,0.0,2,RL,SWISU,Norm,None,TA,TA,Y,SBrkr,TA,WD
177500,6,1200,2,1200,2,1995,1995,0.0,0,RL,CollgCr,Norm,None,Gd,Gd,Y,SBrkr,Gd,WD
173000,6,1167,2,1158,2,1992,1992,106.0,0,RL,Gilbert,Norm,BrkFace,TA,Gd,Y,SBrkr,Gd,WD
134000,5,1142,2,1142,1,1976,1976,0.0,1,RM,MeadowV,Norm,None,TA,Gd,Y,SBrkr,TA,WD
130000,5,1352,1,1062,1,1958,1958,120.0,0,RL,ClearCr,Norm,BrkFace,TA,TA,Y,FuseF,Gd,WD
156000,6,912,2,888,1,1978,1978,0.0,1,RL,Mitchel,Norm,None,TA,Gd,Y,SBrkr,TA,WD
145000,5,1505,1,883,1,1940,1982,0.0,0,RL,BrkSide,Norm,None,TA,TA,Y,SBrkr,TA,WD
190000,6,1574,2,796,2,1976,1976,120.0,1,RL,NWAmes,Norm,BrkFace,TA,Gd,Y,SBrkr,TA,WD
147000,5,1344,1,672,1,1920,1997,0.0,0,RM,IDOTRR,Norm,None,TA,TA,Y,FuseA,TA,WD
159000,6,1394,2,1394,1,1963,1963,247.0,2,RL,NAmes,Norm,BrkFace,TA,Gd,Y,SBrkr,TA,WD
165000,6,1431,1,1099,1,1962,1962,305.0,1,RL,NAmes,Norm,BrkFace,TA,Gd,Y,SBrkr,TA,WD
132000,5,1268,1,1268,1,1954,1954,200.0,1,RL,NAmes,Norm,BrkFace,TA,TA,Y,SBrkr,TA,WD
162000,5,1287,2,1063,1,1959,2006,0.0,1,RL,NAmes,Norm,None,TA,TA,Y,SBrkr,Gd,WD
172400,6,1664,2,953,2,2000,2000,0.0,1,RL,Gilbert,Norm,None,TA,Gd,Y,SBrkr,TA,WD
125000,6,752,1,744,1,1984,1984,0.0,0,RL,SawyerW,Norm,None,TA,Gd,Y,SBrkr,TA,WD
123000,5,1319,1,608,1,1953,1953,0.0,0,RL,NAmes,Norm,None,TA,TA,Y,SBrkr,TA,WD
219500,7,1928,2,847,2,2003,2004,0.0,1,RL,CollgCr,Norm,None,Gd,Gd,Y,SBrkr,Gd,WD
148000,5,914,2,870,1,1996,1996,0.0,0,RL,CollgCr,Norm,None,Gd,Gd,Y,SBrkr,TA,WD
340000,8,2466,2,1580,3,2004,2005,0.0,1,FV,Somerst,Norm,None,Gd,Gd,Y,SBrkr,Gd,WD
179000,6,1800,2,982,2,2000,2000,16.0,1,RL,Gilbert,Norm,BrkFace,TA,Gd,Y,SBrkr,TA,WD
127000,5,1691,1,1026,2,1924,1950,0.0,1,RL,SWISU,Norm,None,TA,TA,Y,SBrkr,Gd,WD
187750,7,1301,2,1293,2,2006,2006,0.0,1,FV,Somerst,Norm,None,Gd,Gd,Y,SBrkr,Gd,New
213500,7,1797,2,939,2,2006,2006,0.0,0,RL,CollgCr,Norm,None,Gd,Gd,Y,SBrkr,Gd,WD
76000,6,784,2,784,1,1928,1950,0.0,0,RH,SawyerW,Norm,None,TA,Fa,N,FuseA,TA,WD
240000,6,1953,2,1580,2,1992,1992,0.0,2,RL,ClearCr,Norm,None,Gd,Gd,Y,SBrkr,Gd,WD
192000,8,1269,2,1256,2,2004,2005,16.0,1,RL,Blmngtn,Norm,BrkFace,Gd,Gd,Y,SBrkr,Gd,WD
81000,5,1184,0,658,1,1910,1996,0.0,0,RL,Edwards,Norm,None,TA,TA,Y,SBrkr,TA,WD
125000,6,1125,1,1041,1,1976,1976,255.0,1,RL,Edwards,Norm,BrkFace,TA,TA,Y,SBrkr,TA,WD
191000,7,1479,2,1468,2,1999,2000,125.0,0,RL,CollgCr,Norm,BrkFace,Gd,Gd,Y,SBrkr,Gd,WD
119000,5,1367,1,861,1,1900,1950,0.0,0,RL,Edwards,Norm,None,TA,TA,Y,SBrkr,TA,WD
215000,6,1961,2,804,2,2001,2002,0.0,1,RL,Mitchel,Norm,None,TA,Ex,Y,SBrkr,Gd,WD
100000,4,788,0,788,1,1941,1950,0.0,2,RL,BrkSide,Norm,None,TA,TA,Y,FuseA,TA,WD
109000,5,1034,1,735,1,1940,1950,0.0,0,RL,OldTown,Norm,None,TA,TA,Y,FuseA,TA,WD
129000,5,1144,1,1144,1,1956,1956,0.0,0,RL,Edwards,Norm,None,TA,TA,Y,SBrkr,TA,WD
123000,5,894,2,894,1,1972,1972,0.0,0,RL,CollgCr,Norm,None,TA,TA,Y,SBrkr,TA,WD
169500,5,1812,1,864,2,1962,1962,288.0,1,RL,NAmes,Norm,BrkFace,TA,TA,Y,SBrkr,TA,WD
67000,5,1077,1,961,1,1920,1950,0.0,0,RM,IDOTRR,Norm,None,TA,Fa,Y,Mix,TA,WD
241000,7,1550,2,1092,2,2006,2007,100.0,0,FV,Somerst,Norm,Stone,Gd,Gd,Y,SBrkr,Gd,WD
245500,8,1288,2,1260,1,1996,1996,0.0,2,RL,Veenker,Norm,None,Gd,Gd,Y,SBrkr,Ex,WD
164990,7,1310,2,1310,2,2005,2005,0.0,1,RL,CollgCr,Norm,None,Gd,Gd,Y,SBrkr,Gd,New
108000,5,672,1,672,1,1940,1997,0.0,0,RL,Sawyer,Norm,None,TA,TA,Y,SBrkr,TA,WD
168000,6,1572,2,806,2,1995,1996,0.0,1,RL,Gilbert,Norm,None,TA,Gd,Y,SBrkr,TA,WD
150000,4,1620,2,1281,2,1976,1993,0.0,1,RL,Sawyer,Norm,None,TA,TA,Y,SBrkr,TA,WD
115000,6,1639,1,1064,1,1936,1950,0.0,0,RL,SWISU,Norm,None,TA,TA,Y,FuseA,TA,WD
177000,6,1680,1,840,2,1915,1976,0.0,0,RL,Crawfor,Norm,None,TA,Gd,Y,SBrkr,TA,WD
339750,8,2078,3,1034,2,2007,2008,100.0,1,FV,Somerst,Norm,Stone,Gd,Ex,Y,SBrkr,Ex,New
60000,5,1276,1,1276,1,1958,1958,0.0,0,RL,Edwards,Norm,None,TA,TA,Y,FuseA,TA,COD
145000,5,1056,2,1056,1,1955,1955,0.0,0,RL,Gilbert,Norm,None,TA,TA,N,SBrkr,TA,WD
115000,5,1028,2,1008,1,1927,1950,0.0,1,RM,OldTown,Norm,None,TA,TA,Y,FuseA,TA,WD
228000,7,2097,3,1080,2,1993,1993,0.0,1,RL,SawyerW,Norm,None,Gd,Gd,Y,SBrkr,Gd,WD
181134,7,1340,2,1340,2,2007,2007,0.0,0,RL,Gilbert,Norm,None,Gd,Gd,Y,SBrkr,Gd,New
149500,6,1400,2,672,1,1978,1978,203.0,1,RL,Sawyer,Norm,BrkFace,TA,TA,Y,SBrkr,TA,WD
239000,6,2624,3,1370,2,1918,1950,0.0,1,RL,Crawfor,Norm,None,TA,Gd,N,FuseA,TA,WD
126000,5,1134,1,756,1,1940,1950,0.0,0,RL,Edwards,Norm,None,TA,TA,N,FuseF,TA,WD
142000,5,1056,1,1056,1,1968,1968,0.0,1,RL,NAmes,Norm,None,TA,TA,Y,SBrkr,TA,WD
215000,6,1602,2,1602,2,1977,2000,126.0,1,RL,NWAmes,Norm,Stone,Gd,Gd,Y,SBrkr,Gd,WD
113000,5,988,2,988,1,1954,1954,0.0,0,RL,Mitchel,Norm,None,TA,TA,Y,FuseA,TA,WD
139000,6,1196,1,1196,1,1956,1956,74.0,1,RL,NAmes,Norm,BrkFace,TA,Gd,Y,FuseA,TA,WD
135000,7,1389,1,651,1,1946,1992,0.0,2,RM,OldTown,Norm,None,TA,TA,Y,SBrkr,TA,WD
275000,7,1644,2,1518,2,1989,1989,145.0,1,RL,SawyerW,Norm,BrkFace,Gd,Gd,Y,SBrkr,Gd,WD
109008,4,907,1,907,1,1957,1957,0.0,0,RL,NAmes,Norm,None,TA,TA,Y,SBrkr,TA,WD
195400,7,1208,2,1208,2,2007,2007,108.0,0,RL,CollgCr,Norm,BrkFace,Gd,Gd,Y,SBrkr,Gd,New
175000,6,1412,2,1392,2,1988,1988,0.0,1,RL,Timber,Norm,None,TA,Gd,Y,SBrkr,Gd,WD
85400,6,987,1,483,1,1971,1971,232.0,0,RM,BrDale,Norm,BrkFace,TA,TA,Y,SBrkr,TA,COD
79900,6,1198,0,901,1,1920,1998,0.0,0,RM,OldTown,Norm,None,TA,TA,Y,SBrkr,TA,ConLD
181000,6,1604,2,926,2,1997,1998,0.0,1,RL,Gilbert,Norm,None,TA,Gd,Y,SBrkr,TA,WD
81000,4,630,0,630,1,1972,1972,0.0,0,RM,MeadowV,Norm,None,TA,Gd,Y,SBrkr,TA,WD
212000,7,1661,2,799,2,1996,1996,0.0,1,RL,CollgCr,Norm,None,Gd,Gd,Y,SBrkr,Gd,ConLw
116000,6,1118,2,648,1,1920,1950,0.0,0,RM,OldTown,Norm,None,TA,Fa,Y,FuseA,TA,WD
119000,6,904,1,884,1,1926,2004,0.0,0,RM,BrkSide,Norm,None,Gd,TA,Y,SBrkr,TA,WD
90350,5,694,1,440,1,1913,2002,0.0,1,RL,Crawfor,Norm,None,TA,TA,N,SBrkr,Gd,WD
110000,6,1196,2,684,1,1920,2000,0.0,0,RL,Edwards,Norm,None,TA,TA,Y,SBrkr,Gd,ConLI
118000,4,1440,0,1440,2,1955,1955,270.0,0,RL,Edwards,Norm,BrkFace,TA,TA,N,FuseF,Fa,WD
162900,5,1573,2,1078,2,1930,1992,0.0,1,RM,BrkSide,Norm,None,TA,TA,Y,SBrkr,TA,WD
172500,7,1258,3,1258,2,2006,2007,72.0,1,RL,Blmngtn,Norm,BrkFace,Gd,Ex,Y,SBrkr,Gd,New
210000,7,1908,2,915,2,1994,1995,0.0,1,RL,CollgCr,Norm,None,Gd,Gd,Y,SBrkr,Gd,WD
127500,6,1689,2,1436,1,1956,1956,0.0,1,RL,Edwards,Norm,None,TA,TA,Y,SBrkr,TA,COD
190000,6,1888,2,1517,2,1966,2002,0.0,1,RL,NAmes,Norm,None,Gd,TA,Y,SBrkr,Gd,WD
199900,7,1886,2,930,2,1998,1999,0.0,1,RL,Gilbert,Norm,None,Gd,Gd,Y,SBrkr,Gd,WD
119500,6,1376,1,780,2,1937,1950,0.0,1,RM,IDOTRR,Norm,None,TA,TA,Y,SBrkr,TA,WD
120000,3,1183,1,649,1,1948,2002,0.0,0,RM,OldTown,Norm,None,TA,TA,Y,SBrkr,TA,WD
110000,6,813,1,813,1,1930,2005,0.0,0,RM,OldTown,Norm,None,TA,TA,Y,FuseA,Gd,WD
280000,7,1533,2,1533,2,1975,1975,0.0,2,RL,ClearCr,Norm,None,TA,Gd,Y,SBrkr,Gd,WD
204000,6,1756,2,872,2,1996,1997,42.0,0,RL,Timber,Norm,BrkFace,Gd,Ex,Y,SBrkr,TA,WD
210000,8,1590,2,768,2,2008,2008,0.0,0,FV,Somerst,Norm,None,Gd,Gd,Y,SBrkr,Gd,WD
188000,5,1728,2,1728,2,1976,1976,0.0,0,RL,Mitchel,Norm,None,TA,TA,Y,SBrkr,TA,WD
175500,7,1242,2,1242,1,1973,1973,320.0,1,RL,NWAmes,Norm,BrkFace,TA,TA,Y,SBrkr,TA,WD
98000,5,1344,3,624,1,1916,1950,0.0,0,RM,OldTown,Norm,None,TA,TA,N,SBrkr,TA,COD
256000,4,1663,2,1364,1,1954,1994,0.0,2,RL,ClearCr,Norm,None,TA,Gd,Y,SBrkr,Gd,WD
161000,8,1666,1,588,1,1925,1996,0.0,1,RM,OldTown,Norm,None,TA,TA,Y,SBrkr,Gd,WD
110000,5,1203,1,709,1,1950,1950,161.0,1,RL,BrkSide,Norm,BrkCmn,TA,TA,Y,SBrkr,Gd,WD
263435,8,1935,2,832,2,2009,2009,110.0,0,FV,Somerst,Norm,Stone,Gd,Gd,Y,SBrkr,TA,New
155000,7,1135,2,560,1,1936,2007,0.0,0,RL,SWISU,Norm,None,Gd,Gd,Y,SBrkr,Gd,WD
62383,5,864,1,864,1,1965,1965,0.0,1,RL,Sawyer,Norm,None,TA,TA,Y,SBrkr,TA,WD
188700,6,1660,1,715,1,1934,1995,0.0,1,RL,Crawfor,Norm,None,TA,TA,Y,FuseA,TA,WD
124000,5,1040,0,1040,2,1978,1978,136.0,0,RL,CollgCr,Norm,BrkFace,TA,Gd,Y,SBrkr,TA,WD
178740,7,1414,2,1375,2,2004,2004,18.0,1,RM,Blmngtn,Norm,BrkFace,Gd,Gd,Y,SBrkr,Gd,WD
167000,7,1277,2,1277,1,1970,1970,0.0,1,RL,NAmes,Norm,None,TA,TA,Y,SBrkr,TA,WD
146500,5,1644,1,728,1,1942,1995,224.0,2,RL,NAmes,Norm,Stone,TA,TA,Y,SBrkr,Gd,WD
250000,8,1634,3,1626,2,2006,2006,248.0,1,RL,NridgHt,Norm,Stone,Gd,Gd,Y,SBrkr,Gd,WD
187000,6,1710,2,832,2,1993,1993,120.0,0,RL,SawyerW,Norm,BrkFace,Gd,Gd,Y,SBrkr,Gd,WD
212000,8,1502,2,1488,1,1985,1985,0.0,0,RL,StoneBr,Norm,None,Gd,Gd,Y,SBrkr,Gd,WD
190000,7,1969,2,808,2,1977,1977,0.0,1,RL,NWAmes,Norm,None,TA,Gd,Y,SBrkr,TA,WD
148000,6,1072,2,547,1,2005,2005,80.0,0,RM,Edwards,Norm,BrkFace,TA,Gd,Y,SBrkr,TA,WD
251000,8,1652,2,1494,2,2000,2000,0.0,0,RL,StoneBr,Norm,None,Gd,Gd,Y,SBrkr,Ex,WD
132500,5,970,2,970,1,1963,1963,0.0,0,RL,Sawyer,Norm,None,TA,TA,Y,SBrkr,TA,WD
208900,6,1493,2,1478,2,1997,1998,215.0,1,RL,CollgCr,Norm,BrkFace,TA,Gd,Y,SBrkr,Gd,WD
297000,8,1718,3,1705,2,2007,2008,336.0,1,RL,CollgCr,Norm,Stone,Gd,Ex,Y,SBrkr,Gd,WD
155000,7,1826,1,910,1,1915,2005,0.0,1,RM,OldTown,Norm,None,Gd,TA,Y,SBrkr,Ex,WD
164000,6,1216,2,1216,2,1998,1998,116.0,0,RM,Mitchel,Norm,BrkFace,TA,Ex,Y,SBrkr,TA,WD
132500,5,999,1,999,1,1962,2001,0.0,0,RL,Sawyer,Norm,None,TA,TA,Y,SBrkr,Gd,WD
147000,5,1113,1,1113,1,1950,2007,0.0,1,RL,NAmes,Norm,None,Gd,TA,Y,SBrkr,Gd,WD
156000,5,1073,2,1073,1,1965,1965,168.0,0,RL,NAmes,Norm,BrkFace,TA,TA,Y,SBrkr,TA,WD
175000,5,1484,2,1484,2,1971,1971,0.0,1,RL,NWAmes,Norm,None,TA,Gd,Y,SBrkr,TA,WD
160000,5,2414,2,954,2,1900,1970,0.0,1,RL,OldTown,Norm,None,TA,TA,N,FuseA,TA,ConLD
86000,4,630,1,630,1,1970,2002,0.0,0,RM,MeadowV,Norm,None,TA,Gd,Y,SBrkr,Gd,WD
115000,5,1304,1,264,1,1976,1976,0.0,1,RM,MeadowV,Norm,None,TA,Gd,Y,SBrkr,TA,WD
133000,6,1578,1,806,1,1941,1950,0.0,2,RL,NAmes,Norm,None,TA,TA,Y,FuseA,Fa,WD
172785,6,1456,2,728,2,2006,2006,0.0,0,RL,Gilbert,Norm,None,Gd,Gd,Y,SBrkr,TA,New
155000,5,1269,1,1269,1,1960,1960,0.0,1,RL,NAmes,Norm,None,TA,TA,Y,FuseA,TA,WD
91300,5,886,1,190,1,1938,1996,0.0,0,RM,OldTown,Norm,None,TA,Fa,Y,FuseA,TA,WD
34900,4,720,0,720,1,1920,1950,0.0,0,C (all),IDOTRR,Norm,None,TA,TA,N,FuseA,TA,WD
184000,7,1820,1,1026,2,1925,1950,0.0,0,RL,BrkSide,Norm,None,TA,TA,Y,SBrkr,TA,WD
130000,5,899,1,864,1,1967,2004,89.0,0,RL,Sawyer,Norm,BrkFace,TA,TA,Y,SBrkr,Gd,WD
120000,5,912,1,912,1,1958,1985,0.0,0,RL,NAmes,Norm,None,TA,TA,Y,SBrkr,TA,WD
113000,6,1218,1,672,1,1973,1973,285.0,0,RM,BrDale,Norm,BrkFace,TA,TA,Y,SBrkr,TA,WD
226700,7,1768,2,866,2,2005,2005,0.0,0,FV,Somerst,Norm,None,Gd,Gd,Y,SBrkr,Gd,WD
140000,5,1214,2,1214,1,1965,1965,0.0,0,RL,Edwards,Norm,None,TA,TA,Y,SBrkr,TA,WD
289000,7,1801,2,1501,2,1959,1997,0.0,2,RL,Crawfor,Norm,None,TA,TA,Y,SBrkr,TA,WD
147000,6,1322,2,855,2,1974,1974,0.0,1,RL,NPkVill,Norm,None,TA,TA,Y,SBrkr,TA,WD
215000,8,1911,2,777,2,1993,1994,125.0,1,RL,SawyerW,Norm,BrkFace,Gd,Gd,Y,SBrkr,Gd,WD
208300,6,1218,2,1218,2,2009,2009,0.0,0,FV,Somerst,Norm,None,Gd,Gd,Y,SBrkr,Gd,New
161000,7,1378,2,689,2,1928,2005,0.0,1,RM,OldTown,Norm,None,TA,TA,Y,SBrkr,Gd,WD
124500,5,1041,1,1041,1,1959,1959,132.0,0,RL,NAmes,Norm,BrkFace,TA,TA,Y,SBrkr,TA,WD
164900,5,1363,1,1008,1,1951,2000,70.0,2,RL,NAmes,Norm,BrkCmn,Gd,TA,Y,SBrkr,TA,WD
202665,7,1368,2,1368,2,2005,2006,94.0,1,RL,NridgHt,Norm,Stone,Gd,Gd,Y,SBrkr,Gd,New
129900,5,864,2,864,1,1958,1958,0.0,0,RL,NAmes,Norm,None,TA,TA,Y,SBrkr,TA,WD
134000,6,1080,2,1084,1,1983,1983,0.0,0,RL,Mitchel,Norm,None,TA,TA,Y,SBrkr,TA,WD
96500,5,789,1,768,1,1926,1950,0.0,0,RL,Crawfor,Norm,None,TA,TA,N,SBrkr,TA,WD
158000,6,2119,2,689,2,1972,1972,333.0,1,RL,NWAmes,Norm,BrkFace,TA,TA,Y,SBrkr,TA,COD
211000,6,1796,2,794,2,1998,1998,0.0,0,RL,CollgCr,Norm,None,TA,Gd,Y,SBrkr,TA,WD
234000,7,2080,1,1276,1,1926,2004,0.0,2,RL,Crawfor,Norm,None,Gd,Gd,Y,SBrkr,Gd,WD
150000,6,1244,1,1244,1,1957,1957,0.0,2,RL,NAmes,Norm,None,TA,TA,Y,FuseA,TA,WD
159000,6,1664,2,1004,2,1947,1950,0.0,2,RM,BrkSide,Norm,None,TA,TA,Y,SBrkr,TA,WD
176000,7,1266,2,1257,2,2005,2005,0.0,1,FV,Somerst,Norm,None,Gd,Gd,Y,SBrkr,Gd,WD
132000,5,928,1,928,1,1956,2000,0.0,0,RL,NAmes,Norm,None,TA,Gd,Y,SBrkr,TA,WD
86000,4,605,0,528,1,1920,2002,0.0,0,RL,Edwards,Norm,None,TA,TA,Y,SBrkr,TA,WD
175000,6,1509,2,1461,2,1988,1989,219.0,1,RL,Timber,Norm,BrkFace,Gd,Gd,Y,SBrkr,Gd,WD
128000,6,1362,2,611,2,1920,1999,0.0,0,RM,BrkSide,Feedr,None,TA,Fa,Y,SBrkr,TA,WD
178000,8,1414,2,707,2,2004,2004,0.0,1,RL,Gilbert,Norm,None,Gd,Ex,Y,SBrkr,Gd,WD
107500,5,1347,0,1117,1,1910,1991,0.0,0,RL,Edwards,Norm,None,TA,Gd,Y,SBrkr,TA,WD
188000,7,1724,2,880,2,1998,1999,0.0,0,RL,CollgCr,Norm,None,TA,Gd,Y,SBrkr,Gd,WD
111250,4,864,2,864,1,1972,1972,0.0,0,RL,NAmes,Norm,None,TA,TA,Y,SBrkr,TA,COD
158000,5,1159,1,1051,1,1968,1968,188.0,1,RL,Sawyer,Norm,BrkFace,TA,TA,Y,SBrkr,TA,WD
248000,8,2285,3,969,2,2000,2000,72.0,1,RL,NoRidge,Norm,BrkFace,Gd,Gd,Y,SBrkr,Gd,WD
213250,7,1680,2,1650,2,1998,1999,0.0,1,RL,NWAmes,Norm,None,Gd,Ex,Y,SBrkr,Gd,WD
133000,7,767,1,723,1,1998,1998,182.0,0,RH,NAmes,Norm,BrkFace,TA,Gd,Y,SBrkr,TA,WD
179665,7,1496,2,654,2,2006,2006,0.0,1,RL,Gilbert,Norm,None,Gd,Gd,Y,SBrkr,Gd,New
229000,7,2183,3,1204,2,1988,1988,178.0,0,RL,NWAmes,Norm,BrkFace,Gd,Gd,Y,SBrkr,Gd,WD
210000,6,1635,2,1065,1,1923,1950,0.0,1,RL,BrkSide,Norm,None,TA,Gd,Y,FuseA,TA,WD
129500,5,768,2,768,1,1970,1970,0.0,0,RL,Mitchel,Norm,None,TA,Gd,Y,SBrkr,TA,WD
125000,5,825,2,825,1,1955,1995,0.0,0,RM,OldTown,RRNn,None,TA,TA,Y,SBrkr,TA,WD
263000,7,2094,2,912,2,2003,2004,0.0,1,FV,Somerst,Norm,None,Gd,Gd,Y,SBrkr,Gd,WD
140000,6,1069,2,1069,2,1977,1977,0.0,0,RL,NPkVill,Norm,None,TA,Gd,Y,SBrkr,TA,COD
112500,5,928,1,928,1,1957,1957,0.0,0,RM,OldTown,Norm,None,TA,TA,Y,FuseA,TA,WD
255500,8,1717,3,1709,2,2006,2006,250.0,1,RL,NridgHt,Norm,Stone,Gd,Ex,Y,SBrkr,Gd,WD
284000,7,2046,3,998,2,2003,2004,292.0,1,RL,NridgHt,Norm,BrkFace,Gd,Gd,Y,SBrkr,Gd,WD
113000,5,1048,1,993,1,1922,1950,0.0,1,RM,BrkSide,Norm,None,TA,TA,Y,FuseA,TA,WD
141000,5,1092,1,1092,1,1957,1957,0.0,1,RL,NAmes,Norm,None,TA,TA,Y,FuseA,TA,WD
108000,4,1336,1,637,1,1920,1950,0.0,0,C (all),IDOTRR,Norm,None,TA,TA,Y,SBrkr,TA,COD
175000,7,1446,2,729,2,1996,1997,0.0,1,RL,Gilbert,Norm,None,TA,Gd,Y,SBrkr,TA,WD
234000,7,1557,2,1374,2,2003,2004,18.0,1,RL,Blmngtn,Norm,BrkFace,Gd,Gd,Y,SBrkr,Gd,WD
121500,5,1392,2,1392,1,1957,1996,180.0,1,RL,Sawyer,Norm,BrkFace,TA,Gd,Y,SBrkr,TA,WD
170000,5,1389,2,1389,1,1974,1975,0.0,1,RL,Mitchel,Norm,None,TA,Gd,Y,SBrkr,TA,WD
108000,5,996,0,996,1,1940,1969,0.0,1,RL,Edwards,Norm,None,TA,TA,Y,SBrkr,TA,WD
185000,6,1674,2,1163,2,1918,1950,0.0,1,RL,Edwards,Norm,None,TA,Gd,Y,SBrkr,TA,WD
268000,7,2295,2,1095,2,1992,2000,0.0,1,RL,NoRidge,Norm,None,Gd,Gd,Y,SBrkr,Gd,WD
128000,6,1647,1,806,1,1915,1950,0.0,0,RL,SWISU,Norm,None,TA,Gd,N,FuseF,Fa,WD
325000,9,2504,3,1122,2,2005,2007,245.0,1,RL,StoneBr,Norm,BrkFace,Gd,Gd,Y,SBrkr,Ex,WD
214000,7,1535,2,1517,2,2004,2004,168.0,0,RL,NridgHt,Norm,BrkFace,Gd,Gd,Y,SBrkr,Gd,WD
316600,8,2132,2,1496,1,1983,2009,0.0,1,RL,SawyerW,Norm,None,Gd,Gd,Y,SBrkr,Gd,WD
135960,5,943,2,943,1,1979,1979,0.0,2,RL,NAmes,Norm,None,TA,Gd,Y,SBrkr,TA,WD
142600,5,1728,2,1728,2,1965,1965,108.0,0,RL,NAmes,Norm,BrkFace,TA,TA,Y,SBrkr,TA,WD
120000,6,864,1,864,1,1959,1959,207.0,0,RL,NAmes,Norm,BrkFace,TA,TA,Y,SBrkr,Gd,WD
224500,7,1692,2,846,2,2009,2009,0.0,0,RL,Timber,Norm,None,TA,Ex,Y,SBrkr,Gd,New
170000,7,1430,2,384,2,2000,2000,0.0,1,RL,Gilbert,Norm,None,TA,Gd,Y,SBrkr,TA,WD
139000,5,1109,1,372,1,1971,2005,82.0,0,RL,NAmes,Norm,BrkFace,TA,TA,Y,SBrkr,TA,WD
118500,5,1216,1,832,1,1947,1950,0.0,0,RL,NAmes,Norm,None,TA,TA,Y,SBrkr,TA,COD
145000,7,1477,1,861,2,1928,1950,0.0,1,RL,SWISU,Norm,None,TA,TA,Y,SBrkr,TA,WD
164500,5,1320,2,1164,1,1966,1966,97.0,2,RL,Sawyer,Norm,BrkFace,TA,TA,Y,SBrkr,TA,WD
146000,7,1392,2,689,2,2007,2007,0.0,0,FV,Somerst,Norm,None,Gd,Gd,Y,SBrkr,Gd,WD
131500,5,1795,1,1050,2,1954,1954,335.0,0,RM,OldTown,Norm,BrkFace,TA,TA,N,FuseF,TA,WD
181900,6,1429,2,1144,1,1960,1987,85.0,2,RL,NAmes,Norm,BrkFace,TA,TA,Y,SBrkr,Gd,WD
118500,6,816,0,816,1,1990,1990,104.0,0,RL,Edwards,Norm,BrkFace,TA,Gd,Y,SBrkr,TA,WD
133000,4,1573,1,884,1,1935,1995,0.0,0,RM,BrkSide,Norm,None,TA,TA,Y,SBrkr,Gd,WD
130000,6,838,1,816,1,1918,2000,0.0,0,RL,BrkSide,Norm,None,TA,TA,Y,SBrkr,Fa,WD
137000,5,860,2,840,1,1982,1982,0.0,0,RL,Sawyer,Norm,None,TA,TA,Y,SBrkr,TA,WD
143000,5,1473,1,1437,1,1968,2003,0.0,2,RL,ClearCr,Norm,None,TA,TA,Y,SBrkr,Ex,WD
79500,5,935,1,742,1,1930,1960,0.0,0,RM,BrkSide,Feedr,None,TA,TA,Y,FuseA,TA,WD
185900,7,1582,2,770,2,2004,2004,0.0,0,RL,CollgCr,Norm,None,Gd,Gd,Y,SBrkr,Gd,WD
138000,5,816,2,816,1,1982,2003,0.0,0,RL,Mitchel,Norm,None,TA,TA,Y,SBrkr,TA,WD
140000,6,848,2,848,1,2003,2003,170.0,0,RM,CollgCr,Norm,BrkFace,Gd,Gd,Y,SBrkr,Gd,WD
110000,5,924,1,924,1,1975,1975,0.0,0,RL,CollgCr,Norm,None,TA,Gd,Y,SBrkr,TA,WD
319000,8,1826,3,1814,2,2005,2006,238.0,1,RL,StoneBr,Norm,BrkFace,Gd,Gd,Y,SBrkr,Gd,New
114504,6,1368,1,684,1,1910,1993,0.0,0,RM,OldTown,Norm,None,TA,TA,N,FuseA,TA,WD
194201,7,1402,3,1258,0,2006,2007,72.0,1,RL,Blmngtn,Norm,BrkFace,Gd,Ex,Y,SBrkr,Gd,New
151000,6,1556,2,716,2,1980,1980,0.0,1,RM,Blueste,Norm,None,TA,Gd,Y,SBrkr,TA,COD
275000,8,1904,2,1058,2,2005,2005,280.0,1,RL,NridgHt,Norm,BrkFace,Gd,Gd,Y,SBrkr,Ex,WD
141000,6,1375,1,780,1,1937,1950,0.0,1,RM,IDOTRR,Norm,None,TA,TA,Y,SBrkr,Gd,WD
220000,8,1915,2,908,2,1992,1992,0.0,1,RL,SawyerW,Norm,None,Gd,Gd,Y,SBrkr,Gd,WD
151000,7,1200,2,600,2,2004,2005,0.0,0,FV,Somerst,Norm,None,Gd,Gd,Y,SBrkr,Gd,WD
221000,7,1494,2,1494,2,2002,2002,99.0,1,RL,CollgCr,Norm,BrkFace,Gd,Gd,Y,SBrkr,Gd,WD
152000,5,1040,2,1040,1,1996,1996,0.0,0,RL,CollgCr,Norm,None,TA,Gd,Y,SBrkr,Gd,WD
225000,5,2008,1,896,3,1948,2002,0.0,0,RL,Edwards,Norm,None,TA,TA,Y,SBrkr,Ex,WD
118500,4,1029,1,1029,1,1961,1961,192.0,0,RL,Sawyer,Norm,BrkCmn,TA,TA,Y,SBrkr,TA,WD
313000,9,2153,3,1440,2,2000,2000,204.0,2,RL,CollgCr,Norm,BrkFace,Gd,Ex,Y,SBrkr,Ex,WD
148000,6,1032,2,1032,2,1978,1978,233.0,1,RL,NWAmes,Norm,BrkFace,TA,Gd,Y,SBrkr,TA,WD
261500,8,1872,2,1299,2,2001,2001,108.0,1,RL,CollgCr,Norm,BrkFace,Gd,Gd,Y,SBrkr,Ex,WD
147000,5,1120,0,1120,1,2007,2007,0.0,0,RL,Mitchel,Norm,None,TA,Gd,Y,SBrkr,TA,New
75500,4,630,0,630,1,1972,1972,0.0,0,RM,MeadowV,Norm,None,TA,Gd,Y,SBrkr,TA,WD
137500,6,1054,2,936,1,1963,1963,156.0,0,RL,NAmes,Norm,BrkFace,TA,TA,Y,SBrkr,Gd,WD
183200,6,1509,2,783,2,2002,2003,0.0,1,RL,Gilbert,Norm,None,Gd,Gd,Y,SBrkr,Gd,WD
105500,6,832,2,832,1,1954,1954,0.0,0,RL,NAmes,Norm,None,TA,TA,Y,SBrkr,Gd,WD
305000,8,2262,3,1482,2,2003,2003,226.0,2,RL,Timber,Norm,Stone,Gd,Gd,Y,SBrkr,Gd,WD
67000,3,864,0,864,1,1914,1950,0.0,0,RL,Edwards,Norm,None,TA,TA,N,FuseF,TA,WD
240000,6,2614,2,1522,2,1974,1997,0.0,1,RL,NWAmes,Norm,None,TA,TA,Y,SBrkr,TA,WD
135000,5,980,2,980,1,1977,1977,153.0,0,RL,Sawyer,Norm,BrkFace,TA,TA,Y,SBrkr,TA,WD
165150,6,1790,2,732,1,1972,1972,288.0,1,RL,NWAmes,Norm,None,TA,TA,Y,SBrkr,TA,WD
160000,6,1116,2,1116,1,1962,1962,261.0,0,RL,NAmes,Norm,BrkFace,TA,TA,Y,SBrkr,TA,WD
139900,5,1422,1,978,1,1960,1978,0.0,1,RL,NAmes,Norm,None,TA,TA,Y,SBrkr,TA,WD
153000,6,1520,1,1156,1,1955,1972,164.0,2,RL,NAmes,Norm,BrkFace,TA,TA,Y,SBrkr,TA,WD
135000,5,2080,2,1040,1,1969,1969,192.0,2,RL,NAmes,Norm,BrkFace,TA,Gd,Y,SBrkr,Fa,WD
168500,6,1350,2,1248,1,1964,1964,259.0,0,RL,NAmes,Norm,BrkFace,TA,TA,Y,SBrkr,TA,WD
209500,8,1554,2,1554,2,2006,2006,108.0,1,RL,NridgHt,Norm,Stone,Gd,Gd,Y,SBrkr,Gd,WD
82500,7,1411,2,1386,2,1977,1977,209.0,1,RL,NWAmes,Norm,BrkFace,TA,TA,Y,SBrkr,TA,WD
139400,5,1056,1,1056,1,1954,2005,0.0,0,RL,NAmes,Norm,None,TA,TA,Y,SBrkr,TA,WD
144000,6,1056,2,1056,0,1980,1980,0.0,0,RL,OldTown,Norm,None,TA,TA,Y,SBrkr,TA,WD
93000,5,1387,1,811,2,1954,1954,0.0,0,RM,OldTown,Norm,None,TA,TA,Y,FuseA,Gd,WD
85000,5,796,0,796,1,1910,1950,0.0,0,RL,Edwards,Norm,None,TA,Fa,Y,FuseA,TA,WD
264561,8,1567,3,1520,2,2006,2006,0.0,1,RL,Blmngtn,Norm,None,Gd,Gd,Y,SBrkr,Ex,New
226000,7,1929,2,1057,2,2001,2001,0.0,1,FV,Somerst,Norm,None,Gd,Gd,Y,SBrkr,Gd,WD
152000,5,1620,2,780,2,1969,1969,263.0,0,RL,NWAmes,Norm,BrkFace,TA,TA,Y,SBrkr,TA,WD
143250,6,981,2,981,1,1971,1971,0.0,0,RL,NAmes,Norm,None,TA,TA,Y,SBrkr,TA,WD
155000,6,1094,2,1094,1,1953,1953,216.0,2,RL,Edwards,Norm,Stone,TA,TA,Y,SBrkr,TA,WD
84500,4,630,0,630,1,1970,1970,0.0,0,RM,MeadowV,Norm,None,TA,Gd,Y,SBrkr,TA,WD
205950,7,1665,2,813,2,2007,2007,103.68526170798899,0,FV,Somerst,Norm,None,Gd,Gd,Y,SBrkr,Gd,WD
108000,4,1510,1,755,1,1940,1950,0.0,1,RL,Edwards,Norm,None,TA,TA,Y,SBrkr,TA,WD
191000,7,1716,2,880,2,1996,1996,0.0,1,RL,CollgCr,Norm,None,Gd,Gd,Y,SBrkr,Gd,WD
135000,6,1469,1,756,1,1906,1995,0.0,0,RM,IDOTRR,Norm,None,TA,TA,Y,SBrkr,TA,WD
145500,5,1053,1,1053,1,1959,2006,54.0,0,RL,NAmes,Norm,BrkFace,Gd,TA,Y,SBrkr,Gd,WD
149000,7,1502,1,776,1,1931,2000,0.0,1,RL,Crawfor,Norm,None,TA,Gd,Y,SBrkr,TA,WD
97500,6,1458,1,912,1,1948,1950,0.0,1,RL,NAmes,Norm,None,TA,TA,Y,SBrkr,TA,WD
167000,5,1486,2,1486,1,1964,1999,0.0,0,RL,Edwards,Norm,None,TA,TA,Y,SBrkr,TA,WD
197900,7,1935,2,793,2,1976,1976,233.0,1,RL,NWAmes,Norm,BrkFace,TA,Gd,Y,SBrkr,TA,WD
110000,6,1392,2,1392,1,1968,1968,216.0,2,RL,NAmes,Norm,BrkFace,TA,Fa,Y,SBrkr,TA,WD
137500,4,1181,2,1138,2,1972,1972,0.0,0,RL,Edwards,Norm,None,TA,Gd,Y,SBrkr,TA,WD
230500,8,1936,2,1406,2,2000,2000,40.0,1,RL,Gilbert,Norm,BrkFace,Gd,Gd,Y,SBrkr,Gd,WD
129000,6,2380,2,1021,2,1965,1979,113.0,1,RL,NAmes,Norm,BrkCmn,TA,Gd,Y,SBrkr,TA,WD
193500,6,1679,2,1408,2,1994,1998,258.0,1,RL,SawyerW,Norm,BrkFace,TA,Gd,Y,SBrkr,Gd,WD
168000,5,1437,2,1188,1,1956,1987,0.0,1,RL,Sawyer,Norm,None,TA,TA,Y,SBrkr,TA,WD
137500,4,1180,1,700,1,1922,1950,0.0,1,RL,Crawfor,Norm,None,TA,Fa,Y,SBrkr,Fa,WD
173500,6,1476,2,738,2,2005,2005,0.0,0,RL,CollgCr,Norm,None,Gd,Gd,Y,SBrkr,Gd,WD
103600,6,1369,1,672,2,1925,1950,0.0,0,RH,Edwards,Norm,None,TA,TA,N,SBrkr,TA,WD
165000,6,1208,2,1208,1,1977,1977,0.0,1,RL,Veenker,Norm,None,Gd,Gd,Y,SBrkr,TA,WD
257500,6,1839,2,1477,2,1957,2004,106.0,2,RL,Crawfor,Norm,BrkFace,TA,TA,Y,SBrkr,Gd,WD
140000,6,1136,1,1136,1,1965,1965,0.0,1,RL,NAmes,Norm,None,TA,TA,Y,SBrkr,TA,WD
148500,6,1441,2,855,2,1978,1978,0.0,1,RL,NPkVill,Norm,None,TA,TA,Y,SBrkr,TA,WD
87000,4,1774,3,1095,2,1900,1950,0.0,0,RM,OldTown,Norm,None,TA,TA,N,SBrkr,TA,WD
109500,5,792,1,768,1,1924,2006,0.0,0,RL,OldTown,Norm,None,Gd,TA,Y,SBrkr,Gd,WD
128500,5,988,2,988,1,1961,1961,57.0,0,RL,Sawyer,Norm,BrkFace,TA,TA,Y,SBrkr,TA,WD
143000,6,923,1,923,2,1980,1980,0.0,1,RL,SawyerW,Norm,None,TA,Gd,Y,SBrkr,TA,WD
159434,5,1520,1,793,1,1932,2000,0.0,0,RH,SWISU,Norm,None,TA,TA,Y,SBrkr,TA,WD
173000,6,1291,2,1291,1,1996,1997,0.0,1,RL,ClearCr,Norm,None,TA,Gd,Y,SBrkr,Gd,WD
285000,9,1668,3,1626,2,2002,2002,215.0,1,RL,CollgCr,Norm,Stone,Gd,Gd,Y,SBrkr,Gd,WD
221000,7,1839,2,1195,2,1998,1998,30.0,0,RL,NoRidge,Norm,BrkFace,Gd,Gd,Y,SBrkr,TA,WD
207500,7,2090,2,1190,2,1984,1984,0.0,1,RL,StoneBr,Norm,None,Gd,Gd,Y,SBrkr,Gd,WD
227875,7,1761,2,874,3,2007,2007,0.0,0,FV,Somerst,Norm,None,Gd,Gd,Y,SBrkr,Gd,New
148800,7,1102,2,551,2,2004,2004,0.0,0,FV,Somerst,Norm,None,Gd,Gd,Y,SBrkr,Gd,WD
194700,6,1362,2,1362,2,2005,2006,256.0,1,RL,NridgHt,Norm,Stone,Gd,Gd,Y,SBrkr,Gd,WD
141000,6,848,2,848,1,2004,2004,147.0,1,RM,CollgCr,Norm,BrkFace,Gd,Gd,Y,SBrkr,Gd,WD
335000,7,2519,2,1210,2,1989,1990,293.0,2,RL,Timber,Norm,BrkFace,Gd,Gd,Y,SBrkr,Gd,WD
108480,5,1073,1,1073,1,1921,1968,0.0,0,RL,OldTown,Norm,None,TA,TA,Y,SBrkr,TA,WD
141500,5,1539,2,927,1,1936,1950,0.0,0,RM,BrkSide,Norm,None,TA,TA,Y,SBrkr,TA,WD
176000,6,1137,2,1112,2,1987,1987,72.0,1,RL,Timber,Norm,BrkFace,TA,Gd,Y,SBrkr,Gd,WD
89000,5,616,1,616,1,1921,1950,0.0,0,RM,BrkSide,Norm,None,TA,TA,Y,SBrkr,TA,WD
123500,5,1148,1,980,1,1952,1952,0.0,0,RL,Edwards,Norm,None,TA,Ex,Y,FuseA,TA,WD
138500,5,894,1,894,1,1965,2009,0.0,1,RL,Sawyer,Norm,None,TA,TA,Y,SBrkr,TA,WD
196000,7,1391,2,1391,2,2004,2004,0.0,0,FV,Somerst,Norm,None,Gd,Gd,Y,SBrkr,Gd,WD
140000,7,1164,2,1164,1,1969,1969,168.0,0,RL,NWAmes,Norm,BrkFace,TA,TA,Y,SBrkr,TA,COD
140000,5,1812,2,360,2,1900,1996,0.0,1,RM,OldTown,Norm,None,TA,Gd,Y,SBrkr,Gd,WD
213000,7,1484,2,1473,2,2004,2005,109.0,0,RL,CollgCr,Norm,BrkFace,Gd,Gd,Y,SBrkr,Gd,WD
254000,8,1324,2,1324,2,2006,2006,176.0,1,RL,NridgHt,Norm,BrkFace,Gd,Gd,Y,SBrkr,Gd,WD
179540,7,1456,2,728,2,2007,2007,0.0,1,RL,Gilbert,Norm,None,Gd,Gd,Y,SBrkr,Gd,New
109900,5,904,1,876,1,1966,1966,41.0,0,RL,Sawyer,Norm,BrkCmn,TA,TA,Y,SBrkr,TA,WD
52000,3,729,0,270,1,1935,2003,0.0,0,RL,BrkSide,Norm,None,Gd,TA,Y,SBrkr,TA,WD
102776,4,1178,1,859,1,1900,1950,0.0,0,C (all),IDOTRR,Norm,None,TA,TA,Y,SBrkr,TA,WD
189000,8,1228,2,1228,2,1988,1989,0.0,1,RL,StoneBr,Norm,None,Gd,Gd,Y,SBrkr,Gd,WD
129000,4,960,2,960,1,1970,1970,160.0,0,RL,BrkSide,Norm,BrkFace,TA,TA,N,SBrkr,TA,WD
130500,6,1479,2,725,2,1976,2005,289.0,0,RL,Sawyer,Norm,BrkFace,Gd,TA,Y,SBrkr,Gd,WD
165000,6,1350,2,1064,2,1974,1974,174.0,1,RL,NWAmes,Norm,BrkFace,TA,Gd,Y,SBrkr,TA,WD
159500,7,2554,2,718,1,1890,1998,0.0,0,RM,OldTown,Norm,None,TA,TA,Y,SBrkr,TA,WD
157000,5,1178,2,1176,1,1973,2000,0.0,1,RL,NWAmes,Norm,None,TA,Gd,Y,SBrkr,Gd,WD
128500,5,971,1,971,1,1969,1969,0.0,1,RL,CollgCr,Norm,None,TA,Gd,Y,SBrkr,TA,WD
275000,8,1742,2,1742,2,1985,1985,0.0,1,RL,StoneBr,Norm,None,Gd,Gd,Y,SBrkr,Gd,WD
143000,6,848,2,848,1,2004,2004,169.0,0,RM,CollgCr,Norm,BrkFace,Gd,Gd,Y,SBrkr,Gd,WD
124500,4,864,2,864,1,1970,1970,0.0,0,RL,NAmes,Norm,None,TA,TA,Y,SBrkr,TA,WD
135000,4,1470,1,941,2,1954,1972,0.0,0,RL,Edwards,Norm,None,TA,TA,Y,SBrkr,TA,WD
320000,9,1698,3,1698,2,2007,2008,340.0,1,RL,Edwards,Norm,Stone,Ex,Ex,Y,SBrkr,Ex,WD
120500,4,864,2,864,1,1970,1970,0.0,0,RL,NAmes,Norm,None,TA,TA,Y,SBrkr,Gd,WD
222000,6,1680,2,880,2,1988,2007,260.0,1,RL,Crawfor,Norm,BrkFace,Gd,Gd,Y,SBrkr,Gd,WD
194500,7,1232,2,1232,2,2007,2007,82.0,0,RL,CollgCr,Norm,Stone,Gd,Gd,Y,SBrkr,Gd,WD
110000,5,1776,3,1584,2,1958,1958,95.0,0,RL,NAmes,Norm,BrkFace,TA,TA,Y,SBrkr,TA,COD
103000,4,1208,2,780,1,1925,1950,0.0,0,RM,IDOTRR,Norm,None,TA,TA,Y,FuseA,TA,WD
236500,8,1616,2,1595,2,1995,1996,0.0,1,RL,StoneBr,Norm,None,Gd,Gd,Y,SBrkr,Gd,WD
222500,7,2031,2,1153,2,1998,1999,202.0,1,RL,CollgCr,Norm,BrkFace,Gd,Gd,Y,SBrkr,Gd,WD
131400,5,1144,1,864,1,1961,1983,0.0,1,RL,Sawyer,Norm,None,TA,TA,Y,SBrkr,TA,WD
108000,5,948,1,948,1,1968,1968,0.0,0,RL,Sawyer,Norm,None,TA,TA,Y,SBrkr,TA,WD
163000,7,1768,2,880,1,1914,1970,0.0,2,RM,OldTown,Norm,None,TA,Gd,N,SBrkr,TA,WD
239900,8,1801,3,893,2,2005,2005,0.0,1,RL,Gilbert,Norm,None,Gd,Gd,Y,SBrkr,Gd,WD
179000,5,1200,0,1200,3,1987,1988,0.0,0,RL,Edwards,Norm,None,TA,Gd,Y,SBrkr,TA,WD
190000,7,1728,2,864,2,2004,2004,0.0,0,RL,CollgCr,Norm,None,Gd,Gd,Y,SBrkr,Gd,WD
132000,5,1432,2,264,2,1910,2002,0.0,0,RM,OldTown,Norm,None,TA,Fa,Y,SBrkr,TA,WD
142000,6,912,1,912,1,1961,1996,0.0,0,RL,Sawyer,Norm,None,TA,TA,Y,SBrkr,Gd,WD
179000,7,1349,2,1349,2,2000,2001,108.0,0,RL,SawyerW,Norm,BrkFace,TA,Gd,Y,SBrkr,TA,WD
175000,5,1464,2,520,2,1963,1999,0.0,1,RL,Sawyer,Norm,None,TA,Gd,Y,SBrkr,TA,WD
180000,8,1337,2,1337,2,1993,1993,0.0,1,RL,StoneBr,Norm,None,Gd,Gd,Y,SBrkr,Gd,WD
236000,7,2256,2,952,2,2000,2000,0.0,1,RL,Gilbert,Norm,None,Gd,Gd,Y,SBrkr,Gd,WD
260400,7,1720,2,1720,2,1996,1996,338.0,1,RL,NoRidge,Norm,BrkFace,Gd,Gd,Y,SBrkr,Gd,WD
96500,4,1140,0,576,1,1910,2004,0.0,0,RM,OldTown,Norm,None,TA,TA,Y,SBrkr,TA,WD
162000,7,1320,2,660,2,2003,2003,0.0,0,RL,Gilbert,Norm,None,Gd,Gd,Y,SBrkr,Gd,WD
217000,6,1494,2,1479,2,1997,1997,0.0,0,RL,CollgCr,Norm,None,TA,Gd,Y,SBrkr,Gd,WD
275500,8,2098,3,1030,2,2005,2005,178.0,1,RL,NridgHt,Norm,BrkFace,Gd,Gd,Y,SBrkr,Ex,WD
156000,6,1026,2,1026,1,1969,2005,0.0,0,RL,NAmes,Norm,None,TA,TA,Y,SBrkr,Gd,WD
212000,8,1768,2,866,2,2007,2007,0.0,0,RL,CollgCr,Norm,None,Gd,Gd,Y,SBrkr,Gd,WD
158900,6,1386,2,672,2,1978,1978,328.0,1,RL,Sawyer,Norm,BrkCmn,TA,TA,Y,SBrkr,TA,WD
127500,6,864,1,864,1,1959,1959,0.0,0,RL,NAmes,Norm,None,TA,TA,Y,SBrkr,TA,WD
100000,5,1301,2,1145,1,1924,1950,0.0,0,RM,BrkSide,Norm,None,TA,TA,Y,SBrkr,Fa,WD
215200,7,1547,2,756,2,2009,2009,0.0,0,FV,Somerst,Norm,None,TA,Gd,Y,SBrkr,Gd,Con
270000,8,1494,2,1494,1,1995,1996,0.0,1,RL,Veenker,Norm,None,Gd,Gd,Y,SBrkr,Ex,WD
264132,9,1506,2,1498,2,2008,2008,284.0,1,RL,Somerst,Norm,Stone,Gd,Gd,Y,SBrkr,Ex,New
196500,7,1714,2,980,2,1988,1988,42.0,1,RL,NWAmes,Norm,BrkFace,TA,Gd,Y,SBrkr,TA,WD
160000,6,1750,1,983,2,1940,1985,0.0,0,RL,Mitchel,Norm,None,TA,Gd,Y,SBrkr,TA,WD
216837,7,1836,2,1860,2,2004,2005,0.0,1,RL,CollgCr,Norm,None,Gd,Gd,Y,SBrkr,Gd,WD
134900,5,858,2,858,1,1982,1982,0.0,0,RL,Sawyer,Norm,None,TA,Gd,Y,SBrkr,TA,WD
102000,4,1220,2,836,1,1951,1951,0.0,0,RL,Edwards,Norm,None,TA,Fa,Y,FuseF,TA,COD
107000,6,1117,2,1029,1,1976,1976,0.0,1,RL,Edwards,Norm,None,TA,TA,Y,SBrkr,TA,WD
114500,5,912,1,912,1,1958,1958,1.0,0,RL,NAmes,Norm,None,TA,TA,Y,FuseA,TA,COD
162000,6,1204,2,1204,2,1998,1998,320.0,0,RM,Mitchel,Norm,BrkFace,TA,Ex,Y,SBrkr,TA,WD
221500,7,1614,3,1614,2,2005,2006,240.0,0,RL,CollgCr,Norm,BrkFace,Gd,Gd,Y,SBrkr,Gd,New
142500,5,894,2,864,1,1974,1974,0.0,1,RL,Sawyer,Norm,None,TA,TA,Y,SBrkr,TA,WD
135000,6,1004,2,975,1,1977,1977,90.0,0,RL,Mitchel,Norm,BrkFace,TA,Gd,Y,SBrkr,TA,WD
176000,7,1253,2,1237,2,1995,1996,38.0,1,RL,Gilbert,Norm,BrkFace,TA,Gd,Y,SBrkr,TA,WD
175900,6,1603,2,761,2,1992,1992,0.0,0,RL,SawyerW,Norm,None,Gd,Gd,Y,SBrkr,Gd,WD
187100,7,1430,2,1413,2,2001,2002,0.0,0,RL,CollgCr,Norm,None,Gd,Gd,Y,SBrkr,Gd,WD
165500,5,1110,2,1097,1,1978,1978,104.0,1,RL,Mitchel,Norm,BrkFace,TA,Gd,Y,SBrkr,Gd,WD
128000,6,1484,0,742,2,1914,2001,0.0,1,RM,OldTown,Norm,None,TA,TA,Y,SBrkr,TA,WD
161500,6,1342,2,1372,2,1967,1967,0.0,1,RL,NWAmes,Norm,None,TA,TA,Y,SBrkr,TA,WD
139000,5,1652,1,686,2,1915,1950,0.0,0,RM,OldTown,Norm,None,TA,Fa,Y,SBrkr,TA,WD
233000,7,2084,2,956,2,2004,2004,0.0,0,RL,SawyerW,Norm,None,Gd,Gd,Y,SBrkr,Gd,WD
107900,4,901,1,901,1,1954,2000,0.0,0,RM,OldTown,Norm,None,TA,TA,Y,SBrkr,TA,WD
187500,6,2087,2,832,2,1966,2007,157.0,0,RL,ClearCr,Norm,BrkFace,TA,TA,Y,SBrkr,Gd,WD
160200,7,1145,2,1145,2,2005,2006,11.0,1,RL,Blmngtn,Norm,BrkFace,Gd,Gd,Y,SBrkr,Gd,WD
146800,6,1062,2,1029,1,1976,1976,0.0,2,RL,Mitchel,Norm,None,TA,Gd,Y,SBrkr,TA,WD
269790,7,2013,2,1117,2,1996,1997,0.0,1,RL,NoRidge,Norm,None,Gd,Gd,Y,SBrkr,TA,WD
225000,8,1496,2,1496,2,2007,2007,140.0,0,RL,Somerst,Norm,Stone,Gd,Gd,Y,SBrkr,Gd,New
194500,7,1895,2,712,2,1994,1996,0.0,1,RL,Gilbert,Norm,None,Gd,Gd,Y,SBrkr,Gd,WD
171000,6,1564,2,650,2,1980,1981,130.0,1,RL,SawyerW,Norm,BrkFace,TA,Gd,Y,SBrkr,TA,WD
143500,6,1285,2,660,1,1977,1977,148.0,1,RL,Sawyer,Norm,BrkFace,TA,TA,Y,SBrkr,TA,WD
110000,5,773,1,773,1,1953,1953,0.0,0,RL,NAmes,Norm,None,TA,TA,Y,SBrkr,TA,WD
175000,5,1768,1,731,1,1937,1950,252.0,2,RL,SWISU,Norm,BrkFace,TA,Gd,Y,SBrkr,Gd,WD
200000,6,1688,2,616,2,1997,1997,0.0,0,RL,ClearCr,Norm,None,TA,Gd,Y,SBrkr,Gd,WD
109900,4,1196,2,1196,1,1916,1990,0.0,0,RM,IDOTRR,Norm,None,TA,TA,Y,FuseA,TA,WD
189000,7,1456,2,728,2,2005,2005,0.0,1,RL,CollgCr,Norm,None,Gd,Gd,Y,SBrkr,Gd,WD
118000,5,1128,1,936,1,1954,1954,0.0,0,RL,NAmes,Norm,None,TA,TA,Y,SBrkr,TA,WD
227680,7,1428,2,1417,2,2008,2008,256.0,0,RL,Somerst,Norm,Stone,Gd,Gd,Y,SBrkr,Ex,New
135500,5,980,1,980,2,1967,1967,0.0,0,RL,NAmes,Norm,None,TA,TA,Y,SBrkr,TA,WD
223500,5,1576,2,1324,1,1923,2004,0.0,1,RL,BrkSide,Norm,None,TA,TA,Y,SBrkr,Gd,WD
106000,5,2138,2,849,2,1898,1965,0.0,0,RM,OldTown,Norm,None,TA,TA,N,FuseA,TA,WD
181000,6,1309,2,1040,1,1974,1999,99.0,1,RL,NWAmes,Norm,BrkFace,TA,TA,Y,SBrkr,Gd,WD
144500,6,848,2,848,1,2004,2004,169.0,1,RM,CollgCr,Norm,BrkFace,Gd,Gd,Y,SBrkr,Gd,ConLD
55993,5,1044,2,540,1,1952,1952,0.0,0,C (all),IDOTRR,Norm,None,Fa,TA,N,FuseA,Fa,WD
157900,6,1442,1,1442,1,1958,1958,243.0,0,RL,NAmes,Norm,BrkFace,TA,TA,Y,SBrkr,TA,COD
116000,5,1250,1,686,1,1918,1950,0.0,0,RL,Edwards,Norm,None,TA,TA,Y,SBrkr,Fa,WD
137000,5,1008,1,1008,1,1954,1954,0.0,1,RL,NAmes,Norm,None,TA,TA,Y,SBrkr,TA,WD
271000,8,1689,3,1568,2,2002,2002,148.0,2,RL,Mitchel,Norm,BrkFace,Gd,Gd,Y,SBrkr,Gd,WD
155000,6,1052,2,1010,1,1971,1971,80.0,0,RL,ClearCr,Norm,BrkFace,TA,TA,Y,SBrkr,TA,WD
224000,7,1358,2,1358,2,2009,2010,128.0,1,RL,NridgHt,Norm,Stone,Gd,Gd,Y,SBrkr,Gd,New
183000,7,1640,2,798,2,2003,2003,0.0,0,RL,CollgCr,Norm,None,Gd,Gd,Y,SBrkr,Gd,WD
93000,4,936,2,936,1,1953,1953,0.0,0,RM,OldTown,Norm,None,Fa,Fa,N,SBrkr,TA,WD
225000,7,1733,2,847,2,2003,2003,0.0,1,RL,Gilbert,Norm,None,Gd,Gd,Y,SBrkr,Gd,WD
139500,6,1489,1,778,2,1940,1950,0.0,1,RL,SWISU,Norm,None,TA,TA,Y,SBrkr,TA,WD
232600,8,1489,2,1489,2,2006,2006,0.0,1,FV,Somerst,Norm,None,Gd,Gd,Y,SBrkr,Gd,New
109500,5,784,0,784,1,1924,1950,0.0,0,RM,BrkSide,Norm,None,TA,TA,Y,SBrkr,Gd,WD
189000,7,1434,2,1454,2,2001,2001,0.0,1,RL,SawyerW,Norm,None,Gd,Gd,Y,SBrkr,Gd,WD
185000,5,2126,2,1013,2,1967,1967,0.0,0,RL,ClearCr,Norm,None,TA,TA,Y,SBrkr,TA,WD
147400,7,1223,2,600,2,2005,2005,0.0,0,FV,Somerst,Norm,None,Gd,Gd,Y,SBrkr,Gd,WD
151000,7,1200,2,600,2,2005,2005,0.0,0,FV,Somerst,Norm,None,TA,Gd,Y,SBrkr,Gd,WD
237000,7,1829,2,941,2,2003,2003,223.0,1,RL,CollgCr,Norm,BrkFace,Gd,Gd,Y,SBrkr,Gd,WD
167000,6,1516,2,1516,1,1964,1964,180.0,0,RL,NAmes,Norm,BrkFace,TA,TA,Y,SBrkr,TA,WD
139950,5,1144,2,1144,1,1961,1961,136.0,0,RL,NAmes,Norm,BrkFace,TA,TA,Y,SBrkr,TA,WD
128000,4,1067,2,1067,2,1950,1995,0.0,0,RL,Sawyer,Norm,None,TA,Gd,Y,SBrkr,Gd,WD
153500,5,1559,2,1559,1,1948,1973,0.0,0,RM,OldTown,Norm,None,TA,TA,Y,SBrkr,TA,COD
100000,6,987,1,483,1,1973,1973,158.0,0,RM,BrDale,Norm,BrkFace,TA,TA,Y,SBrkr,TA,WD
144000,5,1099,1,1099,1,1995,2006,0.0,0,RL,CollgCr,Norm,None,TA,Gd,Y,SBrkr,Gd,WD
130500,5,1200,1,768,1,1946,1995,0.0,0,RL,Edwards,Norm,None,TA,TA,Y,SBrkr,TA,WD
140000,6,1482,1,672,2,1925,1950,0.0,0,RH,SWISU,Norm,None,TA,TA,N,SBrkr,Fa,WD
157500,5,1539,2,650,2,1904,2002,0.0,1,RM,OldTown,Norm,None,TA,TA,Y,SBrkr,Gd,WD
174900,6,1165,2,1127,1,1966,1966,183.0,0,RL,NAmes,Norm,BrkFace,TA,TA,Y,SBrkr,TA,WD
141000,5,1800,0,1800,2,1961,1961,0.0,0,RL,NAmes,Norm,None,TA,TA,N,SBrkr,TA,WD
153900,5,1416,3,876,1,1915,1950,0.0,1,RM,OldTown,Norm,None,TA,TA,Y,SBrkr,TA,WD
171000,5,1701,2,1390,2,1975,1981,0.0,2,RL,Sawyer,Norm,None,TA,Gd,Y,SBrkr,TA,WD
213000,7,1775,2,740,2,1993,1993,137.0,1,RL,SawyerW,Norm,BrkFace,Gd,Gd,Y,SBrkr,Gd,WD
133500,5,864,1,864,1,1972,1972,0.0,1,RL,CollgCr,Norm,None,TA,TA,Y,SBrkr,TA,WD
240000,6,2358,2,907,3,1908,1997,0.0,1,RL,ClearCr,Norm,None,TA,TA,Y,SBrkr,TA,WD
131500,6,848,2,848,1,2003,2003,170.0,0,RM,CollgCr,Norm,BrkFace,Gd,Gd,Y,SBrkr,Gd,WD
215000,8,1456,2,1273,2,2003,2003,40.0,1,RL,Blmngtn,Norm,BrkFace,Gd,Gd,Y,SBrkr,Gd,WD
164000,7,1646,1,918,2,1941,1950,0.0,2,RL,Crawfor,Norm,None,TA,TA,Y,SBrkr,TA,WD
158000,6,1445,2,1127,1,1964,1964,115.0,1,RL,NAmes,Norm,BrkFace,TA,TA,Y,SBrkr,TA,WD
170000,5,1779,2,1763,1,1955,1974,0.0,1,RL,Sawyer,Norm,None,TA,TA,Y,SBrkr,TA,WD
127000,5,1040,1,1040,1,1962,2010,0.0,0,RL,Sawyer,Norm,None,TA,TA,Y,SBrkr,TA,WD
147000,6,1026,2,940,1,1978,1978,0.0,0,RL,CollgCr,Norm,None,TA,Gd,Y,SBrkr,TA,WD
174000,6,1481,2,702,2,1994,1995,0.0,1,RL,Gilbert,Norm,None,TA,Gd,Y,SBrkr,TA,WD
152000,7,1370,2,1090,2,1976,1976,189.0,1,RL,NWAmes,Norm,BrkFace,TA,Gd,Y,SBrkr,TA,WD
189950,7,1426,1,912,1,1918,1998,0.0,1,RL,Crawfor,Norm,None,Gd,TA,Y,SBrkr,Gd,WD
131500,5,1039,2,1039,1,1965,1965,0.0,0,RL,Sawyer,Norm,None,TA,TA,Y,SBrkr,TA,WD
152000,6,1097,2,1040,2,1984,1985,0.0,0,RL,SawyerW,Norm,None,TA,Gd,Y,SBrkr,TA,WD
132500,5,1148,1,1148,1,1959,1959,0.0,0,RL,NAmes,Norm,None,TA,TA,Y,SBrkr,TA,WD
250580,7,1372,2,1372,2,2007,2008,0.0,0,FV,Somerst,Norm,None,Gd,Ex,Y,SBrkr,Gd,New
148500,5,1002,2,1002,1,1970,1970,76.0,0,RL,NAmes,Norm,BrkFace,TA,TA,Y,SBrkr,TA,WD
248900,8,1646,3,1638,2,2006,2007,274.0,1,RL,Timber,Norm,Stone,Gd,Gd,Y,SBrkr,Gd,New
129000,4,1120,2,1040,1,1961,1961,0.0,0,RL,Sawyer,Norm,None,TA,TA,Y,SBrkr,Fa,WD
236000,7,1949,2,1050,2,1993,1994,246.0,1,RL,SawyerW,Norm,BrkFace,Gd,Gd,Y,SBrkr,Gd,WD
109500,5,894,1,894,1,1962,1962,0.0,0,RL,NAmes,Norm,None,TA,TA,N,SBrkr,TA,WD
200500,6,1682,2,804,2,1998,1998,116.0,0,RL,CollgCr,Norm,BrkFace,TA,Gd,Y,SBrkr,Gd,WD
116000,5,910,2,105,1,1953,1996,0.0,0,RL,NAmes,Norm,None,Gd,TA,Y,SBrkr,Gd,WD
133000,5,1268,1,832,1,1949,1950,0.0,1,RL,NAmes,Norm,None,Gd,TA,Y,SBrkr,TA,WD
66500,5,1131,1,676,1,1941,1950,0.0,0,RM,OldTown,Norm,None,TA,TA,Y,SBrkr,TA,WD
303477,8,2610,2,1184,2,2007,2007,0.0,1,FV,Somerst,Norm,None,Gd,Gd,Y,SBrkr,Ex,New
132250,4,1040,2,1064,1,1963,1963,0.0,0,RL,Mitchel,Norm,None,TA,TA,Y,SBrkr,TA,WD
148000,5,1155,2,1109,1,1961,1995,0.0,0,RL,Sawyer,Norm,None,TA,TA,Y,SBrkr,Gd,WD
136500,5,864,1,864,1,1978,2005,90.0,0,RL,CollgCr,Norm,BrkFace,Gd,TA,Y,SBrkr,TA,WD
157000,5,1090,2,1090,1,2005,2006,0.0,0,RL,Edwards,Norm,None,TA,Ex,Y,SBrkr,TA,WD
187500,7,1717,2,1156,2,1990,1991,117.0,1,RL,Timber,Norm,BrkFace,Gd,Gd,Y,SBrkr,Gd,WD
178000,6,1593,2,808,2,1992,1993,0.0,1,RL,Gilbert,Norm,None,TA,Gd,Y,SBrkr,TA,WD
118500,4,2230,1,795,1,1912,1950,0.0,0,RL,SWISU,Norm,None,Gd,TA,N,SBrkr,TA,WD
100000,5,892,1,892,1,1967,1967,60.0,0,RL,NAmes,Norm,BrkFace,TA,TA,Y,SBrkr,TA,WD
328900,9,1709,2,1698,2,1999,2000,60.0,1,FV,Somerst,Norm,BrkFace,Gd,Ex,Y,SBrkr,Gd,CWD
145000,5,1712,2,1626,2,1959,2005,122.0,0,RL,NAmes,Norm,BrkFace,TA,TA,Y,SBrkr,TA,WD
135500,5,1393,1,816,1,1955,1955,0.0,0,RL,Edwards,Norm,None,TA,TA,Y,SBrkr,TA,WD
149500,6,1505,2,1505,1,1953,1953,90.0,1,RL,NAmes,Norm,BrkFace,TA,TA,Y,SBrkr,TA,WD
122900,5,924,2,672,1,1949,2006,0.0,1,RL,NAmes,Norm,None,TA,TA,Y,SBrkr,TA,WD
172500,6,1683,2,918,2,1978,1978,92.0,1,RL,Sawyer,Norm,BrkFace,TA,TA,Y,SBrkr,TA,WD
154500,6,1068,1,1059,1,1963,2003,0.0,0,RL,Sawyer,Norm,None,TA,TA,Y,SBrkr,TA,WD
165000,5,1383,1,1383,1,1954,1954,0.0,1,RL,Sawyer,Norm,None,TA,Gd,Y,SBrkr,TA,WD
106500,4,951,1,951,1,1936,1950,0.0,0,RM,IDOTRR,Norm,None,TA,TA,N,SBrkr,TA,WD
135000,5,1236,1,912,1,1961,1994,0.0,1,RL,Sawyer,Norm,None,TA,TA,Y,SBrkr,TA,WD
110000,4,858,1,858,1,1971,1971,0.0,0,RL,NAmes,Norm,None,TA,TA,Y,SBrkr,TA,WD
153000,5,1306,1,992,1,1957,2000,0.0,0,RL,NAmes,Norm,None,TA,TA,Y,SBrkr,TA,WD
180000,7,1509,2,783,2,2003,2003,0.0,1,RL,Gilbert,Norm,None,Gd,Gd,Y,SBrkr,Gd,WD
240000,7,1670,3,1670,2,2006,2006,27.0,1,RL,Gilbert,Norm,BrkFace,Gd,Gd,Y,SBrkr,Gd,New
125500,5,902,1,876,1,1967,1967,75.0,0,RL,Sawyer,Norm,BrkFace,TA,TA,Y,SBrkr,TA,WD
128000,5,1063,1,1056,1,1954,1954,110.0,0,RL,NAmes,Norm,Stone,TA,TA,Y,SBrkr,TA,WD
255000,8,1636,3,1623,2,2006,2006,208.0,1,RL,Somerst,Norm,Stone,Gd,Gd,Y,SBrkr,Gd,WD
250000,7,2057,1,1017,1,1936,1987,0.0,1,RL,Crawfor,Norm,None,Gd,Gd,Y,SBrkr,Gd,WD
131000,5,902,2,864,1,1983,1983,0.0,0,RL,Mitchel,Norm,None,TA,Gd,Y,SBrkr,TA,WD
174000,6,1484,2,742,2,2005,2005,0.0,1,RL,Gilbert,Norm,None,Gd,Gd,Y,SBrkr,Gd,WD
143500,5,1268,1,1268,1,1977,1989,0.0,0,RL,CollgCr,Norm,None,TA,Gd,Y,SBrkr,Gd,WD
88000,5,1015,1,768,1,1925,1950,0.0,0,RM,BrkSide,Norm,None,TA,TA,N,SBrkr,TA,WD
145000,5,2002,3,1001,2,1949,1950,0.0,0,RH,Crawfor,Norm,None,TA,TA,N,FuseA,TA,WD
173733,6,1224,2,612,2,2009,2009,76.0,0,FV,Somerst,Norm,Stone,Gd,Gd,Y,SBrkr,Gd,New
75000,4,1092,1,546,1,1970,1970,80.0,0,RM,MeadowV,Norm,BrkFace,TA,TA,Y,SBrkr,TA,WD
135000,4,1229,1,1134,1,1956,1956,0.0,0,RL,Edwards,Norm,None,TA,TA,Y,FuseA,TA,WD
238000,7,2127,3,1104,2,1991,1991,0.0,1,RL,SawyerW,Norm,None,Gd,Ex,Y,SBrkr,Gd,WD
176500,6,1414,2,1184,1,1958,2002,0.0,1,RL,NAmes,Norm,None,Ex,Gd,Y,SBrkr,TA,WD
201000,6,1721,2,928,2,1994,1994,105.0,0,RL,SawyerW,Norm,BrkFace,Gd,Gd,Y,SBrkr,Gd,WD
145900,5,2200,0,1272,2,1900,2003,0.0,0,RL,Edwards,Norm,None,TA,TA,Y,SBrkr,TA,WD
169990,6,1316,2,1316,2,2005,2006,0.0,1,RL,Gilbert,Norm,None,Gd,Gd,Y,SBrkr,Gd,New
193000,6,1617,2,1604,2,1993,1994,0.0,1,RL,SawyerW,Norm,None,Gd,Gd,Y,SBrkr,Gd,WD
207500,6,1686,2,1686,2,1980,1980,157.0,1,RL,NWAmes,Norm,BrkFace,TA,Gd,Y,SBrkr,TA,WD
175000,5,1126,2,1126,2,1977,1977,0.0,0,RL,NWAmes,Norm,None,TA,Gd,Y,SBrkr,Ex,WD
285000,8,2374,3,1181,2,2003,2004,340.0,1,RL,NridgHt,Norm,BrkFace,Gd,Gd,Y,SBrkr,Ex,WD
176000,7,1978,2,832,2,1968,1968,342.0,1,RL,NWAmes,Norm,BrkFace,TA,TA,Y,SBrkr,TA,WD
236500,8,1788,2,1753,2,2001,2001,0.0,1,RL,CollgCr,Norm,None,Gd,Gd,Y,SBrkr,Ex,WD
222000,7,2236,2,964,2,1997,1997,285.0,1,RL,Gilbert,Norm,BrkFace,TA,Gd,Y,SBrkr,Gd,WD
201000,8,1466,3,1466,2,2007,2007,0.0,0,RL,Timber,Norm,None,Gd,Gd,Y,SBrkr,Gd,WD
117500,5,925,1,925,1,1965,1965,0.0,0,RL,NAmes,Norm,None,TA,TA,Y,SBrkr,TA,WD
320000,9,1905,3,1905,2,2006,2006,302.0,1,RL,Somerst,Norm,Stone,Ex,Ex,Y,SBrkr,Ex,WD
190000,7,1500,2,1500,2,2004,2004,210.0,0,RL,CollgCr,Norm,BrkFace,Gd,Gd,Y,SBrkr,Gd,WD
242000,7,2069,2,585,2,1960,2007,0.0,1,RL,NAmes,Norm,None,TA,Gd,Y,SBrkr,Gd,WD
79900,4,747,2,600,1,1926,1953,108.0,0,RL,BrkSide,Norm,BrkFace,TA,Fa,Y,SBrkr,TA,WD
184900,7,1200,2,1176,2,2003,2003,103.68526170798899,0,RL,SawyerW,Norm,None,Gd,Gd,Y,SBrkr,Gd,WD
253000,7,1971,2,1113,2,2005,2005,0.0,1,RL,Somerst,Norm,None,Gd,Gd,Y,SBrkr,Gd,WD
239799,7,1962,3,1391,2,2006,2006,0.0,0,RL,CollgCr,Norm,None,Gd,Gd,Y,SBrkr,Gd,New
244400,7,2403,1,1032,2,1940,1950,0.0,2,RL,ClearCr,Norm,None,TA,TA,Y,SBrkr,TA,COD
150900,6,1728,2,1728,2,1976,1976,0.0,0,RL,Mitchel,Norm,None,TA,TA,Y,SBrkr,TA,WD
214000,7,2060,2,992,2,1999,1999,298.0,1,RL,Gilbert,Norm,BrkFace,Gd,Gd,Y,SBrkr,Gd,WD
150000,4,1440,0,1440,2,1977,1977,0.0,0,RL,Edwards,Norm,None,TA,Gd,Y,SBrkr,TA,Oth
143000,5,1632,2,1632,2,1967,1967,0.0,0,RL,Mitchel,Norm,None,TA,TA,Y,SBrkr,TA,WD
124900,5,1869,2,1088,1,1890,1996,0.0,0,RM,OldTown,Norm,None,TA,TA,Y,SBrkr,TA,WD
143000,5,1144,1,1144,1,1959,1959,128.0,1,RL,NAmes,Norm,BrkFace,TA,TA,Y,SBrkr,TA,WD
270000,8,1629,3,1616,2,2002,2003,236.0,1,RL,Timber,Norm,BrkFace,Gd,Gd,Y,SBrkr,Gd,WD
192500,7,1776,2,936,2,2002,2002,144.0,1,RL,CollgCr,Norm,BrkFace,Gd,Gd,Y,SBrkr,Gd,WD
197500,6,1381,2,1161,1,1972,2006,0.0,1,RL,NWAmes,Norm,None,TA,TA,Y,SBrkr,Gd,WD
129000,5,864,2,864,1,1950,2002,0.0,0,RL,NAmes,Norm,None,TA,TA,Y,SBrkr,Gd,WD
119900,5,965,1,828,1,1965,1965,0.0,0,RH,SawyerW,Norm,None,TA,TA,Y,SBrkr,TA,WD
133900,5,768,1,768,1,1972,2003,0.0,0,RL,CollgCr,Norm,None,TA,Gd,Y,SBrkr,TA,WD
172000,5,1968,2,784,2,1969,1969,232.0,1,RL,Mitchel,Norm,BrkFace,TA,TA,Y,SBrkr,TA,WD
127500,6,980,0,945,2,1975,1975,250.0,0,RL,Edwards,Norm,BrkFace,TA,Gd,Y,SBrkr,TA,WD
124000,6,1229,2,561,1,1980,1980,0.0,1,RM,Blueste,Norm,None,TA,Gd,Y,SBrkr,TA,WD
132000,5,1057,2,1057,1,1962,1962,0.0,0,RL,Sawyer,Norm,None,TA,TA,Y,SBrkr,TA,WD
185000,7,1337,2,1337,2,2003,2003,0.0,0,RL,CollgCr,Norm,None,Gd,Gd,Y,SBrkr,Gd,WD
155000,7,1416,2,696,2,1999,1999,0.0,0,FV,Somerst,Norm,None,Gd,Gd,Y,SBrkr,Gd,WD
116500,5,858,0,858,1,1958,2008,0.0,0,RL,BrkSide,Norm,None,TA,TA,Y,SBrkr,TA,WD
155000,6,1548,2,804,2,1976,1976,0.0,1,RL,NPkVill,Norm,None,TA,Gd,Y,SBrkr,Gd,WD
239000,9,1800,2,1800,2,2007,2007,0.0,0,RL,CollgCr,Norm,None,Gd,Ex,Y,SBrkr,Ex,WD
214900,7,1894,2,817,2,2002,2003,44.0,1,RL,Timber,Norm,BrkFace,Gd,Gd,Y,SBrkr,Gd,WD
178900,6,1484,2,783,2,2005,2007,0.0,1,RL,Gilbert,Norm,None,Gd,Gd,Y,SBrkr,Gd,New
160000,5,1308,1,728,1,1940,1950,0.0,2,RL,Crawfor,Norm,None,Gd,TA,Y,SBrkr,TA,WD
135000,5,1098,1,1098,1,1955,1955,151.0,0,RL,NAmes,Norm,BrkFace,TA,TA,Y,SBrkr,TA,WD
37900,3,968,0,600,1,1910,1950,0.0,0,RM,OldTown,Norm,None,TA,TA,N,SBrkr,TA,WD
140000,6,1095,1,588,1,1958,1958,105.0,0,RL,NAmes,Norm,BrkFace,TA,TA,Y,SBrkr,TA,ConLD
135000,4,1192,0,720,1,1949,1950,0.0,0,RL,NAmes,Norm,None,TA,TA,N,FuseA,TA,WD
173000,7,1626,2,764,2,2003,2004,106.0,0,RL,NridgHt,Norm,Stone,Gd,Gd,Y,SBrkr,Gd,WD
99500,6,918,1,918,2,1979,1979,0.0,1,RL,SawyerW,Norm,None,TA,Gd,Y,SBrkr,TA,WD
182000,7,1428,2,1428,2,2007,2008,103.68526170798899,0,FV,Somerst,Norm,None,Gd,Gd,Y,SBrkr,Gd,New
167500,7,2019,2,728,1,1910,1993,0.0,0,RL,BrkSide,Feedr,None,TA,Gd,N,SBrkr,Gd,WD
165000,7,1382,2,673,2,2000,2000,0.0,0,FV,Somerst,Norm,None,Gd,Gd,Y,SBrkr,Gd,WD
85500,4,869,0,440,1,1923,1958,0.0,0,RL,BrkSide,Norm,None,TA,Gd,Y,FuseA,Fa,WD
199900,7,1241,2,1241,1,2006,2007,103.68526170798899,0,FV,Somerst,Norm,None,Gd,Gd,Y,SBrkr,Gd,New
110000,4,894,2,894,1,1954,1954,0.0,0,RL,Edwards,Norm,None,TA,TA,Y,SBrkr,TA,WD
139000,5,1121,2,1121,1,1963,1963,0.0,0,RL,Sawyer,Norm,None,TA,TA,Y,SBrkr,TA,WD
178400,7,999,2,944,1,1961,2007,210.0,0,RL,NAmes,Norm,Stone,Ex,TA,Y,SBrkr,Ex,WD
159895,7,1266,2,1266,2,2007,2007,16.0,1,RL,Blmngtn,Norm,BrkFace,Gd,Gd,Y,SBrkr,Gd,WD
255900,8,2290,2,1128,2,2002,2002,0.0,1,RL,CollgCr,Norm,None,Gd,Gd,Y,SBrkr,Gd,WD
125000,5,1164,1,1164,1,1950,1950,0.0,0,RL,Edwards,Norm,None,TA,TA,N,SBrkr,TA,ConLD
117000,6,1635,1,485,1,1910,2003,0.0,0,RM,OldTown,Norm,None,TA,TA,Y,SBrkr,Gd,WD
195000,6,2030,2,848,2,1976,1976,298.0,1,RL,NWAmes,Norm,BrkFace,TA,TA,Y,SBrkr,Gd,WD
197000,7,1576,2,770,2,2006,2006,0.0,0,FV,Somerst,Norm,None,Gd,Gd,Y,SBrkr,Gd,New
187000,6,1851,2,822,2,1964,1993,340.0,1,RL,NAmes,Norm,BrkFace,TA,TA,Y,SBrkr,Gd,WD
173900,6,1500,2,750,2,2005,2006,0.0,0,RL,CollgCr,Norm,None,TA,Gd,Y,SBrkr,Gd,New
121600,4,1230,1,747,1,1946,1950,0.0,0,RL,BrkSide,Norm,None,TA,TA,Y,SBrkr,TA,WD
136500,5,1050,1,1050,1,1961,1961,0.0,0,RL,NAmes,Norm,None,TA,TA,Y,SBrkr,TA,COD
91000,3,1077,1,1007,1,1922,1950,0.0,1,RM,IDOTRR,Norm,None,TA,TA,N,SBrkr,TA,WD
206000,7,1208,2,1187,2,2006,2006,24.0,0,RL,CollgCr,Norm,Stone,Gd,Gd,Y,SBrkr,Gd,WD
86000,5,691,1,691,1,1920,1950,0.0,0,RL,OldTown,Norm,None,TA,Fa,Y,FuseA,Ex,WD
232000,8,1574,3,1574,2,2006,2006,53.0,1,RL,Somerst,Norm,BrkFace,Gd,Gd,Y,SBrkr,Gd,WD
136905,5,1680,2,1680,2,1976,1976,164.0,0,RL,NWAmes,RRAn,BrkFace,TA,TA,Y,SBrkr,TA,WD
181000,7,1504,2,1346,2,2005,2006,16.0,1,RL,Blmngtn,Norm,BrkFace,Gd,Gd,Y,SBrkr,Gd,WD
149900,5,985,1,985,2,1977,1977,220.0,0,RL,CollgCr,Norm,BrkFace,Gd,Gd,Y,SBrkr,TA,WD
163500,6,1657,2,1657,2,1970,1970,0.0,1,RL,NAmes,Norm,None,TA,Gd,Y,SBrkr,TA,WD
88000,4,1092,1,546,1,1970,1970,0.0,0,RM,MeadowV,Norm,None,TA,TA,Y,SBrkr,TA,WD
240000,7,1710,2,1710,2,2004,2005,108.0,1,RL,Mitchel,Norm,Stone,Gd,Ex,Y,SBrkr,Gd,WD
102000,5,1522,0,1008,2,1926,1950,0.0,0,RL,SWISU,Norm,None,TA,TA,Y,SBrkr,TA,WD
135000,5,1271,1,720,2,1948,1950,0.0,1,RL,Sawyer,Norm,None,TA,TA,Y,SBrkr,TA,WD
165000,6,1502,1,602,1,1923,1996,0.0,2,RL,Crawfor,Norm,None,TA,TA,Y,SBrkr,Gd,WD
85000,5,1022,1,1022,1,1910,2006,0.0,0,RM,OldTown,Norm,None,TA,TA,N,SBrkr,TA,WD
119200,6,1082,1,1082,1,1948,1950,206.0,1,RL,NAmes,Norm,BrkFace,TA,TA,Y,SBrkr,TA,WD
227000,8,1665,2,810,2,2001,2001,0.0,0,RL,NWAmes,Norm,None,Gd,Gd,Y,SBrkr,Gd,WD
203000,7,1504,2,1504,2,1996,1996,196.0,1,RL,CollgCr,Norm,BrkFace,Gd,Gd,Y,SBrkr,Gd,WD
187500,8,1360,2,1220,1,1984,1984,0.0,1,RL,StoneBr,Norm,None,Gd,Gd,Y,SBrkr,Gd,COD
160000,7,1472,2,384,2,1991,1992,76.0,1,RL,Gilbert,Norm,BrkFace,Gd,Gd,Y,SBrkr,Gd,WD
213490,7,1506,2,1362,2,2005,2005,145.0,1,RL,Blmngtn,Norm,BrkFace,Gd,Gd,Y,SBrkr,Gd,WD
176000,4,1132,2,1132,1,2005,2005,0.0,0,RL,Edwards,Norm,None,TA,Gd,Y,SBrkr,Gd,WD
194000,7,1220,2,1199,2,2006,2006,84.0,0,RL,CollgCr,Norm,Stone,Gd,Gd,Y,SBrkr,Gd,New
87000,5,1248,1,912,1,1930,1950,0.0,0,RM,OldTown,Norm,None,TA,TA,Y,FuseA,TA,WD
191000,7,1504,2,1346,2,2005,2006,14.0,1,RL,Blmngtn,Norm,BrkFace,Gd,Gd,Y,SBrkr,Gd,WD
112500,5,882,2,882,1,1972,1972,0.0,0,RL,CollgCr,Norm,None,TA,TA,Y,SBrkr,TA,WD
167500,5,1264,2,1268,1,1960,1960,324.0,2,RL,NAmes,Norm,BrkFace,TA,TA,Y,SBrkr,TA,WD
293077,8,1646,3,1638,2,2007,2008,338.0,1,RL,Timber,Norm,Stone,Gd,Gd,Y,SBrkr,Gd,New
105000,5,1376,1,768,1,1941,1950,0.0,1,RL,NAmes,Norm,None,TA,TA,Y,SBrkr,TA,WD
118000,6,1218,1,672,1,1972,1972,281.0,0,RM,BrDale,Norm,BrkFace,TA,TA,Y,SBrkr,TA,WD
160000,5,1928,0,686,2,1916,1995,0.0,0,RH,SWISU,Norm,None,TA,TA,Y,SBrkr,TA,WD
310000,8,2520,3,1338,2,1993,1993,0.0,1,RL,NoRidge,Norm,None,Gd,Gd,Y,SBrkr,Gd,WD
230000,7,1654,3,1654,2,2002,2002,295.0,0,RL,CollgCr,Norm,Stone,Gd,Gd,Y,SBrkr,Gd,WD
119750,5,954,1,920,1,1938,1950,0.0,1,RL,Crawfor,Norm,None,TA,Fa,Y,SBrkr,Fa,WD
315500,9,1620,3,1620,2,2007,2008,70.0,1,RL,Timber,Norm,Stone,Gd,Ex,Y,SBrkr,Ex,WD
97000,4,1344,0,546,1,1970,2008,0.0,1,RM,MeadowV,Norm,None,TA,TA,Y,SBrkr,TA,WD
80000,4,630,1,630,1,1970,1970,0.0,0,RM,MeadowV,Norm,None,TA,Gd,Y,SBrkr,TA,WD
155000,5,1803,2,1134,2,1957,2000,67.0,1,RL,Sawyer,Norm,BrkCmn,TA,TA,Y,SBrkr,TA,WD
173000,6,1632,2,800,1,1966,2000,252.0,0,RL,NWAmes,Norm,BrkFace,TA,TA,Y,SBrkr,Gd,WD
196000,6,1306,2,1306,2,2005,2005,135.0,1,RL,NridgHt,Norm,Stone,Gd,Gd,Y,SBrkr,Gd,WD
262280,7,2329,2,1475,2,1990,1990,99.0,1,RL,SawyerW,Norm,BrkFace,TA,Gd,Y,SBrkr,Gd,WD
145000,5,990,2,990,1,1994,1995,0.0,0,RL,CollgCr,Norm,None,TA,Gd,Y,SBrkr,TA,WD
176485,7,1302,2,1302,2,2007,2007,0.0,0,RL,Gilbert,Norm,None,Gd,Gd,Y,SBrkr,Gd,New
200141,7,1316,2,1316,2,2007,2007,0.0,1,RL,CollgCr,Norm,None,Gd,Gd,Y,SBrkr,Gd,New
165000,6,1977,2,816,1,1964,1978,272.0,1,RL,NAmes,Norm,BrkCmn,TA,TA,Y,SBrkr,TA,WD
144500,5,1526,1,1216,1,1957,2002,145.0,1,RL,Edwards,Norm,Stone,TA,TA,Y,FuseA,TA,WD
255000,8,1989,2,1065,2,2002,2002,210.0,1,RL,CollgCr,Norm,BrkFace,Gd,Gd,Y,SBrkr,Gd,WD
180000,6,1523,2,1193,2,1976,1976,160.0,1,RL,NWAmes,Norm,BrkFace,TA,Gd,Y,SBrkr,TA,COD
185850,7,1364,2,1364,2,2005,2005,240.0,1,RL,NridgHt,Norm,Stone,Gd,Gd,Y,SBrkr,Gd,WD
248000,7,1850,2,973,2,1994,1994,0.0,1,RL,NoRidge,Norm,None,Gd,Gd,Y,SBrkr,Gd,WD
335000,9,2184,3,1104,2,2008,2008,154.0,1,RL,NridgHt,Norm,Stone,Ex,Ex,Y,SBrkr,Ex,WD
213500,8,1338,2,1338,2,2001,2001,0.0,0,RL,StoneBr,Norm,None,Gd,Gd,Y,SBrkr,Gd,WD
81000,3,894,3,894,1,1935,1950,0.0,0,C (all),IDOTRR,Norm,None,Fa,TA,Y,SBrkr,TA,ConLD
90000,5,2337,2,662,2,1900,1950,0.0,0,RM,OldTown,Norm,None,TA,TA,N,SBrkr,TA,WD
110500,6,1103,2,1103,1,1925,1980,0.0,1,RM,OldTown,Norm,None,TA,TA,Y,SBrkr,Gd,WD
154000,5,1154,2,1154,1,1966,1966,200.0,1,RL,NAmes,Norm,BrkFace,TA,TA,Y,SBrkr,TA,WD
328000,7,2260,2,1306,2,1996,1997,0.0,0,RL,ClearCr,Norm,None,Gd,Ex,Y,SBrkr,Gd,WD
178000,6,1571,2,799,2,1993,1994,0.0,1,RL,Gilbert,Norm,None,Gd,Gd,Y,SBrkr,TA,WD
151400,6,2521,2,942,2,1973,1973,0.0,1,RM,MeadowV,Norm,None,TA,Gd,Y,SBrkr,TA,WD
135000,5,893,2,845,1,1949,2003,0.0,0,RL,NAmes,Norm,None,TA,TA,Y,SBrkr,Gd,WD
135000,5,1048,1,1048,1,1956,1956,120.0,0,RL,NAmes,Norm,BrkFace,TA,TA,Y,SBrkr,TA,WD
154000,6,1556,2,727,1,1968,1968,0.0,0,RL,NWAmes,Norm,None,TA,TA,Y,SBrkr,TA,WD
91500,5,1456,1,810,1,1948,1950,0.0,1,RL,Edwards,Norm,None,TA,Fa,Y,FuseA,TA,WD
159500,6,1426,2,690,1,1977,1977,140.0,0,RL,Edwards,Norm,BrkFace,TA,TA,Y,SBrkr,TA,WD
194000,7,1240,3,1240,2,2006,2006,0.0,0,RL,CollgCr,Norm,None,Gd,Gd,Y,SBrkr,Gd,WD
219500,7,1740,1,800,1,1940,1984,0.0,2,RL,Crawfor,Norm,None,TA,TA,Y,SBrkr,TA,CWD
170000,5,1466,2,796,2,1936,1989,0.0,1,RL,OldTown,Norm,None,TA,Fa,Y,SBrkr,Gd,WD
138800,5,1096,1,1096,1,1969,1969,0.0,0,RL,NAmes,Norm,None,TA,TA,Y,SBrkr,TA,WD
155900,6,848,2,848,1,2004,2004,169.0,1,RM,CollgCr,Norm,BrkFace,Gd,Gd,Y,SBrkr,Gd,WD
126000,5,990,1,990,1,1994,1994,0.0,0,RL,CollgCr,Norm,None,TA,Gd,Y,SBrkr,TA,WD
145000,6,1258,2,1258,2,1971,2004,144.0,0,RL,NWAmes,Norm,BrkFace,Gd,TA,Y,SBrkr,Gd,COD
133000,5,1040,1,1040,1,1963,1963,0.0,0,RL,Sawyer,Norm,None,TA,TA,Y,SBrkr,TA,WD
192000,7,1459,2,1459,2,2002,2002,100.0,1,RL,CollgCr,Norm,BrkFace,Gd,Gd,Y,SBrkr,Gd,WD
187500,6,1498,2,691,2,1995,1996,0.0,1,RL,Gilbert,Norm,None,TA,Gd,Y,SBrkr,TA,WD
147000,6,996,2,936,1,1992,1992,0.0,0,RL,SawyerW,Norm,None,TA,Gd,Y,SBrkr,Gd,WD
83500,4,1092,1,546,1,1973,1973,0.0,0,RM,MeadowV,Norm,None,TA,TA,Y,SBrkr,TA,WD
252000,8,1953,3,1082,2,2005,2006,0.0,1,FV,Somerst,Norm,None,Gd,Gd,Y,SBrkr,Gd,WD
137500,7,1709,2,970,2,2004,2004,50.0,0,RM,Edwards,Norm,Stone,Gd,Gd,Y,SBrkr,Gd,WD
197000,8,1247,2,1247,1,2005,2005,0.0,1,FV,Somerst,Norm,None,Gd,Gd,Y,SBrkr,Gd,WD
160000,7,1252,2,600,2,1999,2000,212.0,0,FV,Somerst,Norm,BrkFace,Gd,Gd,Y,SBrkr,Gd,WD
136500,6,1694,2,1181,2,1925,1950,0.0,1,RL,SWISU,Norm,None,TA,TA,Y,SBrkr,TA,WD
146000,5,1200,2,864,1,1965,1998,166.0,0,RL,NAmes,Norm,BrkFace,TA,TA,Y,SBrkr,Gd,WD
129000,5,936,1,936,1,1956,2000,0.0,0,RL,NAmes,Norm,None,TA,TA,Y,SBrkr,TA,WD
176432,6,1314,2,1314,2,2006,2006,0.0,1,RL,CollgCr,Norm,None,Gd,Gd,Y,SBrkr,Gd,WD
127000,6,1355,0,684,1,1914,2006,0.0,0,RM,IDOTRR,Norm,None,TA,TA,Y,SBrkr,Gd,WD
170000,8,1088,2,1074,1,1986,1986,0.0,0,RL,StoneBr,Norm,None,Gd,Gd,Y,SBrkr,Gd,WD
128000,4,1324,1,672,1,1936,1950,0.0,0,RM,BrkSide,Norm,None,TA,TA,Y,SBrkr,TA,WD
157000,7,1601,2,1271,2,1978,1978,206.0,1,RL,NWAmes,Norm,BrkFace,TA,Gd,Y,SBrkr,TA,COD
119500,5,950,1,950,1,1971,1971,0.0,0,RL,NAmes,Norm,None,TA,TA,Y,SBrkr,TA,WD
135000,5,1134,1,1010,1,1960,2002,45.0,0,RL,NAmes,Norm,BrkFace,TA,TA,Y,SBrkr,TA,WD
159500,6,1194,2,655,1,1959,1959,0.0,1,RL,NAmes,Norm,None,TA,TA,Y,SBrkr,TA,WD
106000,5,1302,2,630,2,1970,1970,304.0,0,RM,BrDale,Norm,BrkFace,TA,TA,Y,SBrkr,TA,WD
179900,7,1442,2,910,2,1990,1991,0.0,1,RL,SawyerW,Norm,None,Gd,Gd,Y,SBrkr,Gd,WD
274725,7,2021,2,868,2,2006,2006,0.0,1,RL,Gilbert,Norm,None,Gd,Ex,Y,SBrkr,Gd,New
181000,6,1690,2,924,2,2000,2000,0.0,1,RL,Gilbert,Norm,None,TA,Gd,Y,SBrkr,TA,WD
280000,8,1836,3,1836,2,2004,2005,42.0,1,RL,NridgHt,Norm,Stone,Gd,Ex,Y,SBrkr,Gd,WD
188000,6,1658,2,773,2,1995,1996,0.0,1,RL,Gilbert,Norm,None,TA,Gd,Y,SBrkr,TA,WD
129900,5,816,1,816,1,1957,1957,0.0,0,RL,NAmes,Norm,None,TA,TA,Y,FuseA,TA,WD
134500,5,1008,1,1008,1,1953,2006,0.0,0,RL,NAmes,Norm,None,TA,TA,Y,SBrkr,Gd,WD
117000,5,833,1,833,1,1954,2000,0.0,0,RL,OldTown,Norm,None,TA,TA,Y,SBrkr,Gd,WD
318000,8,1734,3,1734,2,2007,2007,328.0,1,RL,NridgHt,Norm,Stone,Gd,Ex,Y,SBrkr,Ex,New
184100,8,1419,2,408,2,2002,2002,0.0,1,RL,Gilbert,Norm,None,Gd,Gd,Y,SBrkr,Gd,WD
130000,5,894,2,894,1,1967,2003,0.0,0,RL,Sawyer,Norm,None,TA,TA,Y,SBrkr,Gd,WD
140000,5,1601,1,533,1,1958,1987,0.0,0,RL,Sawyer,Norm,None,TA,TA,Y,SBrkr,TA,WD
133700,5,1040,1,1040,1,1959,1959,0.0,0,RL,NAmes,Norm,None,TA,TA,Y,FuseA,TA,WD
118400,6,1012,1,1012,1,1920,1950,0.0,1,RM,IDOTRR,Norm,None,TA,TA,Y,FuseA,TA,WD
212900,7,1552,3,1552,2,2005,2006,196.0,0,RL,CollgCr,Norm,BrkFace,Gd,Gd,Y,SBrkr,Gd,New
112000,4,960,1,672,1,1956,1956,0.0,0,RL,Edwards,Norm,None,TA,TA,Y,FuseA,TA,COD
118000,5,698,0,698,1,1947,2008,0.0,0,RL,Edwards,Norm,None,TA,TA,Y,SBrkr,TA,WD
163900,7,1482,2,384,2,1992,1992,170.0,1,RL,Gilbert,Norm,BrkFace,TA,Gd,Y,SBrkr,Gd,WD
115000,4,1005,2,1005,1,1955,1955,0.0,1,RL,NAmes,Norm,None,TA,TA,Y,SBrkr,Fa,WD
174000,7,1555,3,1373,2,2007,2007,130.0,1,RL,Blmngtn,Norm,BrkFace,Gd,Gd,Y,SBrkr,Gd,WD
259000,7,1530,3,1530,2,2004,2004,0.0,1,RL,Gilbert,Norm,None,Gd,Gd,Y,SBrkr,Gd,WD
215000,7,1959,2,847,2,2004,2005,0.0,1,RL,Gilbert,Norm,None,Gd,Gd,Y,SBrkr,Gd,WD
140000,5,936,2,936,1,1980,1980,180.0,0,RM,OldTown,Norm,BrkFace,TA,Gd,Y,SBrkr,TA,WD
135000,4,1981,2,1122,2,1928,1950,0.0,2,RL,SWISU,Norm,None,TA,TA,Y,SBrkr,Gd,WD
93500,5,974,0,974,1,1991,1992,0.0,0,RL,Mitchel,Norm,None,TA,Gd,Y,SBrkr,TA,Oth
239500,8,2020,2,1128,2,1995,1995,0.0,1,RL,SawyerW,Norm,None,Gd,Gd,Y,SBrkr,Gd,WD
169000,6,1600,2,916,2,1997,1997,0.0,1,RL,Gilbert,Norm,None,TA,Gd,Y,SBrkr,TA,WD
102000,6,986,1,960,1,1926,1950,0.0,1,RM,BrkSide,Norm,None,TA,TA,N,SBrkr,TA,WD
119000,6,1252,1,1032,1,1950,1950,0.0,0,RL,NAmes,Norm,None,TA,TA,Y,FuseA,TA,WD
196000,6,1567,2,1567,2,1977,1977,0.0,2,RL,Mitchel,Norm,None,TA,TA,Y,SBrkr,Gd,WD
144000,5,1167,2,915,1,1920,1950,0.0,1,RL,BrkSide,Norm,None,TA,TA,Y,SBrkr,TA,WD
139000,5,952,2,952,1,1951,1951,0.0,0,RL,NAmes,Norm,None,TA,TA,Y,SBrkr,TA,COD
197500,5,1868,2,780,2,1976,1976,44.0,1,RL,NWAmes,Norm,BrkFace,TA,TA,Y,SBrkr,Gd,WD
80000,5,1006,0,1006,1,1959,1959,0.0,0,RL,Sawyer,Norm,None,TA,TA,Y,SBrkr,TA,WD
80000,4,924,1,672,1,1941,1950,0.0,0,RL,Edwards,Norm,None,TA,Gd,N,FuseA,Fa,WD
149000,5,1576,1,1042,1,1928,1950,0.0,1,RM,BrkSide,Norm,None,TA,TA,Y,SBrkr,TA,WD
180000,6,1298,2,1298,2,1985,1985,85.0,1,RL,SawyerW,Norm,BrkFace,Gd,Gd,Y,SBrkr,Gd,WD
174500,7,1564,1,704,1,1941,1950,0.0,1,RL,Crawfor,Norm,None,TA,TA,Y,SBrkr,Fa,WD
116900,7,1111,1,572,1,1926,1950,0.0,1,RM,OldTown,Norm,None,TA,TA,Y,SBrkr,TA,WD
143000,7,1482,2,650,1,1920,1988,0.0,0,RM,OldTown,Norm,None,TA,TA,Y,SBrkr,TA,WD
124000,6,932,1,932,1,1950,1950,0.0,1,RL,NAmes,Norm,None,TA,TA,Y,FuseA,Gd,WD
149900,5,1466,2,1466,1,1959,1959,132.0,2,RL,Edwards,Norm,BrkFace,TA,TA,Y,SBrkr,Fa,WD
230000,6,1811,2,1073,1,1956,2004,0.0,1,RL,Crawfor,Norm,None,TA,TA,Y,SBrkr,Ex,WD
120500,6,816,1,816,1,1930,2007,0.0,0,RM,IDOTRR,Norm,None,Gd,TA,Y,SBrkr,TA,WD
201800,7,1820,2,864,1,1965,1988,288.0,2,RL,NAmes,Norm,Stone,TA,TA,Y,SBrkr,Gd,WD
218000,5,1437,2,1437,2,1976,2004,0.0,1,RL,Veenker,Norm,None,Gd,Gd,Y,SBrkr,Gd,WD
179900,5,1265,2,1219,2,1965,1999,0.0,1,RL,NAmes,Norm,None,TA,TA,Y,SBrkr,Gd,WD
230000,7,1314,2,1314,2,2007,2008,166.0,1,RL,NridgHt,Norm,Stone,Gd,Gd,Y,SBrkr,Gd,WD
235128,8,1580,3,1580,2,2007,2008,186.0,0,RL,Somerst,Norm,Stone,Gd,Gd,Y,SBrkr,Gd,ConLD
185000,6,1876,2,901,2,1974,1974,270.0,1,RL,NWAmes,Norm,BrkFace,Gd,TA,Y,SBrkr,Gd,WD
146000,6,1456,2,855,2,1978,1978,0.0,1,RL,NPkVill,Norm,None,TA,Gd,Y,SBrkr,TA,WD
224000,6,1640,2,1296,1,1954,2006,72.0,1,RL,Crawfor,Norm,BrkFace,Gd,TA,Y,SBrkr,Gd,WD
129000,5,894,2,894,1,1968,1968,0.0,1,RL,Sawyer,Norm,None,TA,Gd,Y,SBrkr,TA,WD
108959,4,1258,2,1198,0,1969,1969,0.0,0,RL,Sawyer,Norm,None,TA,Gd,Y,SBrkr,TA,WD
194000,5,1432,2,1360,1,1978,1978,0.0,1,RL,Veenker,Norm,None,TA,Gd,Y,SBrkr,Gd,WD
233170,7,1502,2,1502,2,2009,2009,268.0,0,RL,NridgHt,Norm,Stone,Gd,Gd,Y,SBrkr,Gd,New
245350,8,1694,3,1694,2,2008,2008,72.0,0,RL,CollgCr,Norm,Stone,Gd,Gd,Y,SBrkr,Gd,WD
173000,6,1671,2,959,2,2000,2000,0.0,1,RL,Gilbert,Norm,None,TA,Gd,Y,SBrkr,TA,WD
235000,6,2108,2,1127,2,1935,1986,0.0,2,RL,Edwards,Norm,None,TA,TA,Y,SBrkr,Gd,WD
171000,6,1118,1,1096,1,1977,1977,0.0,1,RL,Mitchel,Norm,None,TA,TA,Y,SBrkr,TA,WD
163000,6,1261,2,1261,1,1958,1958,0.0,1,RL,NAmes,Norm,None,TA,TA,Y,SBrkr,TA,WD
171900,7,1250,2,625,2,2006,2007,0.0,0,FV,Somerst,Norm,None,Gd,Gd,Y,SBrkr,Gd,WD
239000,6,2345,2,952,2,1932,1950,0.0,1,RL,Crawfor,Norm,None,TA,Gd,Y,SBrkr,TA,WD
119500,5,923,1,876,1,1984,1985,0.0,0,RL,Mitchel,Norm,None,TA,TA,Y,SBrkr,TA,WD
115000,6,1224,1,818,1,1926,2004,0.0,0,RM,OldTown,Norm,None,TA,TA,Y,SBrkr,TA,WD
154900,5,1343,1,731,1,1921,1950,0.0,1,RL,Crawfor,Norm,None,TA,TA,Y,SBrkr,TA,WD
250000,7,2514,2,1216,2,1990,1991,0.0,0,RL,Timber,Norm,None,TA,Gd,Y,SBrkr,TA,WD
120000,5,1130,2,1120,1,1920,1950,0.0,1,RL,OldTown,Norm,None,TA,TA,Y,SBrkr,TA,WD
186700,5,1572,3,1572,1,1963,1963,226.0,2,RL,Timber,Norm,BrkFace,TA,TA,Y,SBrkr,TA,WD
104900,5,1221,1,784,1,1924,1950,0.0,0,RL,Edwards,Norm,None,TA,TA,Y,SBrkr,TA,WD
95000,3,1699,2,978,2,1900,1970,0.0,0,RL,OldTown,Artery,None,TA,Fa,Y,SBrkr,TA,WD
262000,8,1624,3,1624,2,1994,1995,0.0,1,RL,NoRidge,Norm,None,Gd,Gd,Y,SBrkr,Gd,WD
195000,7,1660,2,831,2,2002,2002,95.0,0,RL,CollgCr,Norm,BrkFace,Gd,Gd,Y,SBrkr,Gd,WD
189000,7,1804,2,994,2,1999,1999,0.0,1,RL,Gilbert,Norm,None,TA,TA,Y,SBrkr,Gd,WD
125000,5,1472,1,702,1,1925,1994,0.0,0,RM,OldTown,Norm,None,TA,TA,Y,SBrkr,Gd,WD
158000,6,1352,1,663,1,1969,1969,143.0,0,RL,Sawyer,Norm,Stone,TA,TA,Y,SBrkr,TA,WD
176000,6,1456,2,728,2,2005,2005,0.0,0,RL,Gilbert,Norm,None,TA,Gd,Y,SBrkr,Gd,WD
219210,7,1863,3,879,2,2006,2006,0.0,1,RL,Gilbert,Norm,None,Gd,Gd,Y,SBrkr,Gd,New
144000,7,1690,1,815,1,1916,1950,0.0,1,RM,OldTown,Norm,None,TA,TA,Y,SBrkr,TA,ConLw
178000,7,1212,2,1212,2,2001,2001,0.0,0,RL,CollgCr,Norm,None,Gd,Gd,Y,SBrkr,Gd,WD
148000,4,1382,2,1051,1,1963,1979,51.0,1,RL,Sawyer,Norm,BrkFace,TA,TA,Y,SBrkr,TA,WD
116050,4,864,1,864,1,1970,1970,0.0,0,RL,NAmes,Norm,None,TA,TA,Y,SBrkr,TA,Oth
197900,7,1779,2,866,2,1998,1998,0.0,0,RL,CollgCr,Norm,None,TA,Gd,Y,SBrkr,Gd,WD
117000,5,1348,1,884,1,1925,1997,0.0,1,RM,BrkSide,Norm,None,TA,TA,Y,SBrkr,TA,WD
213000,7,1630,2,1630,2,2000,2001,171.0,1,RL,CollgCr,Norm,BrkFace,Gd,Gd,Y,SBrkr,Gd,WD
153500,5,1074,2,1056,1,1975,1975,0.0,0,RL,NWAmes,Norm,None,TA,Gd,Y,SBrkr,TA,WD
107000,4,1056,1,1056,1,1966,1966,0.0,0,RH,SawyerW,Norm,None,TA,TA,Y,SBrkr,TA,WD
200000,6,1700,2,1682,2,2003,2003,120.0,0,RL,CollgCr,Norm,BrkFace,Gd,Gd,Y,SBrkr,Gd,WD
140000,5,1283,2,931,1,1962,1980,0.0,0,RL,NAmes,Norm,None,TA,TA,Y,SBrkr,TA,WD
189000,6,1845,2,1055,2,1992,1992,0.0,1,RL,SawyerW,Norm,None,Gd,Gd,Y,SBrkr,Gd,WD
164000,8,1752,2,559,2,1988,2005,0.0,0,RL,Gilbert,Norm,None,Gd,Gd,Y,SBrkr,TA,WD
113000,4,672,1,672,1,1941,1950,0.0,0,RL,Edwards,Norm,None,TA,TA,Y,SBrkr,TA,WD
145000,4,960,1,648,0,1965,2001,0.0,0,RL,Sawyer,Norm,None,TA,TA,Y,SBrkr,TA,WD
134500,5,999,1,925,1,1962,1962,0.0,0,RL,NAmes,Norm,None,TA,TA,Y,SBrkr,TA,WD
125000,5,894,1,894,1,1966,1966,0.0,0,RL,Sawyer,Norm,None,TA,TA,Y,SBrkr,TA,WD
229456,8,1314,2,1300,2,2009,2009,72.0,0,FV,Somerst,Norm,Stone,Gd,Gd,Y,SBrkr,Gd,New
91500,6,1218,0,672,1,1971,1971,236.0,0,RM,BrDale,Norm,BrkFace,TA,TA,Y,SBrkr,TA,WD
115000,5,912,1,912,1,1964,1964,0.0,0,RL,NAmes,Norm,None,TA,TA,Y,SBrkr,TA,WD
134000,5,1211,1,952,1,1968,1968,0.0,1,RL,Sawyer,Norm,None,TA,TA,Y,SBrkr,TA,WD
143000,6,1846,1,1040,2,1949,1950,320.0,1,RL,NAmes,Norm,BrkFace,TA,TA,Y,SBrkr,TA,WD
184000,7,1490,2,788,2,2004,2005,0.0,1,RL,Gilbert,Norm,None,Gd,Gd,Y,SBrkr,Gd,WD
145000,6,1138,1,588,1,1958,1958,63.0,0,RL,NAmes,Norm,BrkFace,TA,TA,Y,SBrkr,TA,WD
214000,6,1933,3,894,2,2007,2007,74.0,1,RL,Somerst,Norm,Stone,Gd,Gd,Y,SBrkr,Gd,WD
147000,5,912,2,912,1,1965,2008,300.0,0,RL,NAmes,Norm,BrkFace,TA,TA,Y,SBrkr,Gd,WD
127000,5,1507,1,1075,2,1960,1960,0.0,0,RL,NAmes,Norm,None,TA,TA,Y,SBrkr,TA,WD
190000,5,2620,2,1361,2,1977,1977,1.0,1,RL,Sawyer,RRAe,None,TA,Gd,Y,SBrkr,TA,WD
132500,5,1190,2,1106,1,1962,1962,120.0,0,RL,NAmes,Norm,BrkFace,TA,TA,Y,SBrkr,TA,WD
142000,5,1188,2,1188,1,1959,1959,180.0,0,RL,NAmes,Norm,BrkFace,TA,TA,Y,SBrkr,TA,COD
130000,5,1964,0,940,1,1911,1950,0.0,0,RH,SWISU,Norm,None,TA,TA,N,FuseA,TA,WD
138887,5,1784,1,747,1,1914,1950,0.0,0,RL,Crawfor,Norm,None,TA,Gd,Y,FuseF,TA,WD
175500,7,1626,2,764,2,2003,2003,106.0,0,RL,NridgHt,Norm,Stone,Gd,Gd,Y,SBrkr,Gd,WD
195000,7,1948,2,847,2,2004,2005,0.0,1,RL,CollgCr,Norm,None,Gd,Gd,Y,SBrkr,Gd,WD
142500,6,1141,2,1141,1,2005,2005,0.0,0,RL,SawyerW,Norm,None,Gd,Gd,Y,SBrkr,TA,WD
265900,8,1484,2,1476,2,2006,2006,32.0,1,RL,Timber,Norm,BrkFace,Gd,Gd,Y,SBrkr,Ex,WD
224900,7,1768,2,884,2,2003,2003,252.0,0,RL,CollgCr,Norm,BrkFace,Gd,Gd,Y,SBrkr,Gd,WD
248328,7,1689,3,1689,2,2007,2007,0.0,0,RL,Somerst,Norm,Stone,Gd,Gd,Y,SBrkr,Gd,New
170000,7,1173,2,1053,2,1974,1974,81.0,2,RL,NWAmes,Norm,BrkFace,TA,Gd,Y,SBrkr,Gd,WD
230000,8,1517,2,792,1,1929,1950,0.0,2,RL,Crawfor,Norm,None,TA,Gd,Y,SBrkr,Gd,WD
178000,6,1868,2,585,3,1984,2003,74.0,1,RL,NWAmes,Norm,BrkFace,TA,Gd,Y,SBrkr,TA,WD
186500,7,1553,2,756,2,2005,2006,0.0,0,FV,Somerst,Norm,None,Gd,Gd,Y,SBrkr,Gd,New
169900,6,1034,3,1012,1,1976,1976,335.0,0,RL,Mitchel,Norm,BrkFace,TA,TA,Y,SBrkr,TA,WD
129500,6,2058,2,735,1,1917,1950,0.0,1,RM,OldTown,Norm,None,TA,Gd,N,SBrkr,TA,WD
119000,5,988,1,876,1,1950,1950,0.0,0,RL,NAmes,Norm,None,TA,TA,Y,SBrkr,TA,WD
171750,7,1405,2,1405,2,2003,2003,163.0,1,RL,NridgHt,Norm,Stone,Gd,Gd,Y,SBrkr,Gd,WD
130000,5,874,1,864,1,1968,1968,0.0,0,RL,Mitchel,Norm,None,TA,TA,Y,SBrkr,TA,WD
294000,7,2167,2,1192,2,1974,2003,0.0,2,RL,Veenker,Norm,None,Gd,TA,Y,SBrkr,Gd,WD
165400,7,1656,2,746,2,2003,2004,92.0,1,RL,Edwards,Norm,Stone,Gd,Gd,Y,SBrkr,Gd,WD
127500,6,1367,1,884,1,1931,1950,0.0,1,RM,BrkSide,Norm,None,TA,TA,Y,FuseA,TA,WD
99900,5,864,0,864,1,1922,1950,0.0,0,RL,Edwards,Norm,None,TA,Fa,Y,SBrkr,TA,WD
190000,7,1166,2,856,2,2005,2005,182.0,0,RL,Gilbert,Norm,Stone,Gd,Gd,Y,SBrkr,Gd,WD
151000,6,1054,2,1054,1,1969,1969,0.0,0,RL,NAmes,Norm,None,TA,Gd,Y,SBrkr,TA,WD
181000,6,1675,2,841,2,1999,1999,0.0,1,RL,Gilbert,Norm,None,TA,Gd,Y,SBrkr,TA,WD
128900,5,1050,1,1050,1,1956,1956,0.0,0,RL,NAmes,Norm,None,TA,TA,Y,SBrkr,TA,WD
161500,4,1788,1,1104,1,1957,1989,0.0,2,RL,ClearCr,Norm,None,TA,TA,Y,FuseA,TA,WD
180500,6,1824,2,764,1,1919,1950,0.0,1,RL,BrkSide,Norm,None,TA,TA,Y,FuseA,TA,WD
181000,6,1337,2,1405,2,1998,1999,0.0,0,RH,NAmes,Norm,None,Gd,Gd,Y,SBrkr,Gd,COD
183900,7,1452,2,691,2,1999,1999,218.0,0,FV,Somerst,Norm,BrkFace,Gd,Gd,Y,SBrkr,Gd,WD
122000,7,1889,1,925,1,1910,1950,0.0,1,RM,OldTown,Norm,None,Fa,TA,N,FuseF,TA,WD
144000,5,1524,1,874,1,1958,1958,180.0,0,RL,NAmes,Norm,BrkFace,TA,TA,Y,FuseA,TA,WD
260000,7,1524,2,1332,0,1979,1979,0.0,1,RL,ClearCr,Norm,None,Gd,Gd,Y,SBrkr,Gd,WD
185750,6,1489,2,1489,2,1968,1968,0.0,1,RL,NWAmes,Norm,None,TA,TA,Y,SBrkr,Gd,WD
137000,5,935,1,935,1,1965,1965,114.0,0,RL,Sawyer,Norm,BrkFace,TA,TA,Y,SBrkr,TA,WD
177000,6,1357,1,1019,1,1959,2006,84.0,1,RL,Edwards,Norm,BrkFace,TA,TA,Y,SBrkr,Ex,WD
139000,5,1250,2,661,2,1910,2003,0.0,1,RL,Crawfor,Norm,None,TA,TA,Y,SBrkr,TA,WD
162000,6,1395,2,723,1,1972,1972,0.0,1,RL,NWAmes,Norm,None,TA,TA,Y,SBrkr,TA,WD
237000,8,2031,2,1128,2,2002,2002,103.68526170798899,1,RL,CollgCr,Norm,None,Gd,Gd,Y,SBrkr,Gd,WD
68400,4,1128,2,698,1,1920,1950,0.0,0,C (all),IDOTRR,Norm,None,TA,TA,Y,FuseA,TA,COD
227000,7,1573,2,1573,2,2002,2002,110.0,0,RL,CollgCr,Norm,BrkFace,Gd,Gd,Y,SBrkr,Gd,WD
180000,7,1339,2,1309,2,1990,1990,54.0,1,RL,Timber,Norm,BrkFace,TA,Gd,Y,SBrkr,TA,WD
150500,5,1040,2,1040,2,1977,2008,0.0,0,RL,CollgCr,Norm,None,TA,Gd,Y,SBrkr,Gd,WD
139000,6,1824,0,912,2,1971,1971,0.0,0,RL,Mitchel,Norm,None,TA,TA,Y,SBrkr,TA,WD
169000,6,2447,1,804,2,1919,1990,0.0,1,RL,SWISU,Norm,None,TA,TA,Y,SBrkr,Gd,WD
132500,6,1412,1,780,1,1939,1950,0.0,1,RM,BrkSide,Norm,None,TA,TA,Y,FuseF,TA,WD
278000,8,1659,2,1501,2,2000,2000,0.0,1,RL,StoneBr,Norm,None,Gd,Gd,Y,SBrkr,Ex,WD
180500,5,1152,2,1152,1,1964,1964,86.0,1,RL,NAmes,Norm,BrkFace,TA,TA,Y,SBrkr,TA,WD
119500,5,1302,1,630,2,1972,1972,268.0,0,RM,BrDale,Norm,BrkFace,TA,TA,Y,SBrkr,TA,WD
107500,5,2372,1,994,2,1892,1965,0.0,0,RM,OldTown,Norm,None,TA,TA,N,SBrkr,TA,WD
162900,7,1664,2,832,2,1976,1976,0.0,1,RL,NWAmes,Norm,None,TA,Gd,Y,SBrkr,TA,WD
115000,5,864,2,864,1,1955,1990,0.0,0,RL,Edwards,Norm,None,TA,TA,Y,SBrkr,TA,WD
138500,5,1052,1,1052,1,1968,1968,168.0,0,RL,NAmes,Norm,BrkFace,TA,TA,Y,SBrkr,TA,WD
155000,5,1128,2,1120,2,1963,1963,148.0,0,RL,NAmes,Norm,BrkFace,TA,TA,Y,SBrkr,TA,WD
140000,6,1072,2,547,2,2005,2006,82.0,0,RM,Edwards,Norm,BrkFace,TA,Gd,Y,SBrkr,TA,New
154000,5,1246,1,1246,1,1959,1994,0.0,0,RL,NAmes,Norm,None,TA,TA,Y,SBrkr,Gd,WD
225000,7,1983,2,978,2,1999,1999,344.0,1,RL,Gilbert,Norm,None,Gd,Gd,Y,SBrkr,Gd,WD
177500,6,1494,1,771,1,1942,1950,0.0,2,RL,Crawfor,Norm,None,TA,TA,Y,SBrkr,Gd,WD
232000,7,1616,3,1616,2,2005,2005,228.0,0,RL,Somerst,Norm,BrkFace,Gd,Gd,Y,SBrkr,Gd,WD
130000,7,1708,2,976,2,2004,2004,117.0,0,RM,Edwards,Norm,Stone,Gd,Gd,Y,SBrkr,Gd,WD
325000,9,1652,2,1652,2,2006,2007,300.0,2,RL,NridgHt,Norm,Stone,Gd,Ex,Y,SBrkr,Ex,WD
202500,7,1368,2,1368,2,2005,2006,94.0,1,RL,NridgHt,Norm,Stone,Gd,Gd,Y,SBrkr,Gd,New
138000,5,990,2,990,1,1994,1995,0.0,0,RL,CollgCr,Norm,None,TA,Gd,Y,SBrkr,TA,WD
147000,5,1122,2,924,1,1948,2005,0.0,0,RM,OldTown,Norm,None,TA,TA,Y,SBrkr,Gd,WD
179200,6,1294,2,1278,2,1991,1991,88.0,0,RL,SawyerW,Norm,BrkFace,TA,Gd,Y,SBrkr,Gd,WD
335000,7,1902,2,1902,2,1959,2002,0.0,2,RL,Crawfor,Norm,None,Gd,Gd,Y,SBrkr,Ex,WD
203000,7,1274,2,1274,2,2005,2007,80.0,0,RL,CollgCr,Norm,BrkFace,Gd,Gd,Y,SBrkr,Gd,New
333168,9,2599,3,1393,2,1999,1999,165.0,1,RL,NoRidge,Norm,BrkFace,Gd,Gd,Y,SBrkr,Gd,WD
119000,4,948,1,948,1,1954,1954,0.0,1,RL,Edwards,Norm,None,TA,TA,Y,SBrkr,TA,WD
206900,6,2112,2,952,2,1969,1969,0.0,2,RL,NAmes,Norm,None,TA,Fa,Y,SBrkr,TA,WD
295493,8,1630,3,1622,2,2008,2008,270.0,1,RL,CollgCr,Norm,Stone,Gd,Ex,Y,SBrkr,Ex,WD
208900,7,1352,2,1352,2,2006,2007,0.0,1,FV,Somerst,Norm,None,Gd,Ex,Y,SBrkr,Gd,New
275000,8,1787,3,1753,2,2001,2002,178.0,1,RL,CollgCr,Norm,BrkFace,Gd,Gd,Y,SBrkr,Gd,WD
111000,4,948,1,864,1,1954,1954,132.0,0,RL,Edwards,Norm,BrkFace,TA,TA,Y,SBrkr,TA,WD
156500,6,1478,2,1478,1,1957,1957,0.0,2,RL,NAmes,Norm,None,TA,TA,Y,SBrkr,TA,WD
190000,7,1923,2,750,2,1992,1992,0.0,1,RL,NoRidge,Norm,None,Gd,Gd,Y,SBrkr,Gd,WD
82500,4,708,0,420,1,1940,1950,0.0,0,RL,BrkSide,Norm,None,Fa,TA,Y,SBrkr,Fa,WD
55000,4,796,0,796,1,1922,1950,0.0,0,RM,IDOTRR,Norm,None,TA,TA,N,SBrkr,TA,WD
79000,3,774,0,544,1,1931,2006,0.0,0,RH,Edwards,Norm,None,TA,TA,Y,SBrkr,Gd,WD
130500,5,816,1,816,1,1982,2008,0.0,1,RL,Mitchel,Norm,None,Gd,TA,Y,SBrkr,Gd,WD
176500,7,1632,2,935,2,1998,1998,0.0,1,RL,Gilbert,Norm,None,TA,Gd,Y,SBrkr,TA,WD
132500,5,954,2,911,1,1976,1976,0.0,0,RL,CollgCr,Norm,None,TA,TA,Y,SBrkr,TA,WD
100000,4,816,1,816,1,1938,1958,0.0,1,RL,Edwards,Norm,None,TA,TA,Y,SBrkr,TA,WD
125500,5,1360,1,803,1,1938,1995,0.0,0,RM,IDOTRR,Norm,None,TA,TA,Y,SBrkr,Gd,WD
125000,5,1365,2,765,1,1970,1970,312.0,0,RM,BrDale,Norm,None,TA,TA,Y,SBrkr,TA,WD
52500,4,693,0,693,1,1941,1950,0.0,0,RM,OldTown,Norm,None,TA,TA,N,FuseA,Fa,WD
200000,7,1861,2,916,2,2002,2002,0.0,0,RL,CollgCr,Norm,None,Gd,Gd,Y,SBrkr,Gd,WD
128500,5,864,1,864,1,1972,1972,0.0,0,RL,CollgCr,Norm,None,TA,TA,Y,SBrkr,TA,WD
155000,6,1114,2,1114,1,2003,2004,0.0,0,RL,SawyerW,Norm,None,TA,Gd,Y,SBrkr,Gd,WD
228500,8,2169,2,1284,2,2002,2002,149.0,1,RL,CollgCr,Norm,BrkFace,Gd,Gd,Y,SBrkr,Gd,WD
177000,6,1913,2,896,1,1928,1950,0.0,1,RL,Crawfor,Norm,None,TA,TA,Y,SBrkr,TA,WD
155835,7,1456,2,728,2,2006,2006,0.0,1,RL,CollgCr,Norm,None,Gd,Gd,Y,SBrkr,Gd,New
108500,4,960,1,960,1,1920,1950,0.0,0,RM,OldTown,Norm,None,TA,TA,Y,FuseA,Fa,WD
262500,7,2156,2,1568,2,1968,2003,0.0,1,RL,NWAmes,Norm,None,TA,TA,Y,SBrkr,TA,WD
283463,8,1776,3,1732,2,2006,2007,100.0,1,RL,Timber,Norm,Stone,Gd,Ex,Y,SBrkr,Gd,New
215000,7,1494,2,1482,2,1998,1998,0.0,1,RL,SawyerW,Norm,None,Gd,Gd,Y,SBrkr,Gd,WD
171000,6,1716,2,858,1,1962,1962,318.0,1,RL,NAmes,Norm,BrkFace,TA,TA,Y,SBrkr,TA,WD
134900,6,1176,2,698,1,1937,2000,0.0,0,RM,BrkSide,Norm,None,Gd,TA,Y,SBrkr,TA,WD
235000,7,1865,3,992,2,2000,2000,0.0,1,RL,CollgCr,Norm,None,Gd,Gd,Y,SBrkr,Gd,WD
170000,7,1920,2,570,3,1968,1992,143.0,1,RL,NWAmes,Norm,BrkFace,TA,TA,Y,SBrkr,Gd,WD
110000,5,892,1,864,1,1966,1966,65.0,0,RL,NAmes,Norm,BrkFace,TA,TA,Y,SBrkr,TA,WD
149900,5,1078,2,1078,1,1971,2008,0.0,1,RL,NAmes,Norm,None,TA,TA,Y,SBrkr,TA,WD
177500,6,1573,2,756,2,2000,2000,216.0,0,FV,Somerst,Norm,BrkFace,Gd,Gd,Y,SBrkr,Gd,WD
189000,5,2601,2,612,3,1921,1998,0.0,0,RL,SWISU,Norm,None,TA,TA,Y,SBrkr,TA,WD
260000,7,1530,2,1530,2,2005,2005,16.0,1,RL,StoneBr,Norm,Stone,Gd,Ex,Y,SBrkr,Gd,WD
104900,4,1738,1,715,2,1920,2007,0.0,1,RL,NAmes,Norm,None,TA,TA,Y,SBrkr,TA,WD
156932,6,1412,2,616,2,2006,2007,0.0,1,RL,Gilbert,Norm,None,TA,Gd,Y,SBrkr,Gd,New
144152,7,1200,2,600,2,2005,2005,0.0,0,FV,Somerst,Norm,None,Gd,Gd,Y,SBrkr,Gd,WD
216000,7,1674,2,814,2,2000,2000,0.0,0,FV,Somerst,Norm,None,Gd,Gd,Y,SBrkr,Gd,WD
193000,7,1790,2,873,2,1999,1999,158.0,0,RL,CollgCr,Norm,BrkFace,Gd,Gd,Y,SBrkr,Gd,WD
127000,5,1475,1,757,2,1977,1977,0.0,1,RM,MeadowV,Norm,None,TA,TA,Y,SBrkr,TA,WD
144000,6,848,2,848,1,2003,2004,170.0,0,RM,CollgCr,Norm,BrkFace,Gd,Gd,Y,SBrkr,Gd,WD
232000,8,1668,2,1657,2,2003,2003,171.0,1,RL,CollgCr,Norm,BrkFace,Gd,Gd,Y,SBrkr,Gd,WD
105000,4,1374,1,840,1,1920,1950,0.0,0,RL,OldTown,Norm,None,Fa,TA,Y,SBrkr,TA,WD
165500,6,1661,1,992,1,1955,1996,0.0,1,RL,NAmes,Norm,None,TA,TA,Y,SBrkr,Gd,WD
274300,7,2097,2,1108,2,1998,1998,0.0,1,RL,CollgCr,Norm,None,TA,Gd,Y,SBrkr,Gd,WD
250000,7,1958,3,1026,2,2005,2005,0.0,1,FV,Somerst,Norm,None,Gd,Gd,Y,SBrkr,Gd,WD
239000,8,1571,3,1571,2,2007,2007,80.0,1,RL,Timber,Norm,BrkFace,Gd,Gd,Y,SBrkr,Gd,New
91000,6,790,1,768,1,1930,1950,0.0,0,RL,SWISU,Norm,None,TA,Gd,N,SBrkr,TA,WD
117000,5,1604,2,984,2,1941,1960,0.0,0,RL,Edwards,Norm,None,TA,TA,Y,SBrkr,TA,WD
167500,5,1394,2,384,2,2006,2007,0.0,0,RL,Timber,Norm,None,TA,Gd,Y,None,Gd,WD
58500,3,864,1,864,1,1914,1950,0.0,0,RL,Edwards,Norm,None,TA,TA,N,FuseF,TA,WD
237500,6,2117,2,1205,2,1970,1970,0.0,2,RL,NAmes,Norm,None,TA,TA,Y,SBrkr,TA,WD
157000,7,1762,2,596,1,1920,1950,0.0,0,RM,OldTown,Norm,None,TA,Fa,Y,SBrkr,Gd,WD
112000,5,1416,2,816,2,1918,2007,0.0,0,RL,Sawyer,Norm,None,TA,TA,Y,SBrkr,Gd,WD
105000,6,1258,1,560,1,1939,1950,0.0,0,RL,Edwards,Norm,None,TA,TA,Y,SBrkr,TA,WD
125500,4,1154,1,796,1,1922,2007,0.0,0,RM,IDOTRR,Norm,None,TA,TA,Y,SBrkr,Gd,WD
136000,6,2526,1,714,2,1916,1950,0.0,1,RM,OldTown,Norm,None,TA,TA,N,SBrkr,Gd,CWD
131000,6,1218,2,735,1,1941,1950,0.0,1,RM,BrkSide,Norm,None,TA,TA,Y,SBrkr,TA,WD
235000,7,1525,2,1525,2,2000,2000,244.0,0,RL,CollgCr,Norm,BrkFace,Gd,Gd,Y,SBrkr,Gd,WD
124000,5,1584,3,1584,2,1967,1967,0.0,0,RL,NAmes,Norm,None,TA,TA,Y,SBrkr,TA,WD
123000,5,900,1,864,1,1967,1967,0.0,1,RL,NAmes,Norm,None,TA,TA,Y,SBrkr,TA,WD
163000,6,1912,2,482,2,1905,2000,0.0,1,RM,OldTown,Norm,None,TA,Fa,N,SBrkr,TA,WD
246578,7,1500,3,1356,2,2006,2006,45.0,1,RL,Blmngtn,Norm,BrkFace,Gd,Gd,Y,SBrkr,Gd,New
281213,8,2482,3,1094,2,2005,2006,245.0,1,RL,Timber,Norm,BrkFace,Gd,Gd,Y,SBrkr,Gd,WD
160000,5,1687,2,747,1,1948,1950,0.0,2,RL,Timber,Norm,None,TA,TA,Y,SBrkr,TA,WD
137500,5,1513,1,939,1,1920,2004,0.0,0,RM,BrkSide,Norm,None,TA,TA,Y,SBrkr,TA,WD
138000,5,1904,1,1208,1,1950,1982,0.0,0,RL,NAmes,Norm,None,TA,TA,Y,FuseA,TA,WD
137450,6,1608,1,976,2,1925,1990,0.0,1,RL,SWISU,Norm,None,TA,TA,Y,SBrkr,Gd,WD
120000,6,1158,1,862,1,1929,1950,0.0,1,RM,BrkSide,Norm,None,TA,TA,Y,SBrkr,TA,WD
193000,6,1593,2,839,2,2004,2004,0.0,1,RL,Gilbert,Norm,None,TA,TA,Y,SBrkr,TA,WD
193879,7,1294,2,1286,2,2006,2006,0.0,1,RL,CollgCr,Norm,None,Gd,Gd,Y,SBrkr,Gd,New
282922,8,1464,3,1485,2,2007,2007,84.0,0,RL,Somerst,Norm,Stone,Gd,Gd,Y,SBrkr,Gd,WD
105000,3,1214,3,672,1,1915,1950,0.0,0,RL,OldTown,Norm,None,TA,TA,Y,SBrkr,TA,WD
275000,8,1646,2,1594,2,2004,2005,174.0,1,RM,Crawfor,Norm,Stone,Gd,Ex,Y,SBrkr,Gd,WD
133000,5,768,2,768,1,1972,2007,0.0,0,RL,CollgCr,Norm,None,TA,Gd,Y,SBrkr,TA,WD
112000,5,833,0,833,1,1985,1985,0.0,0,RL,Mitchel,Norm,None,TA,TA,Y,SBrkr,TA,WD
125500,4,1363,2,622,1,1910,1950,0.0,0,RM,OldTown,Norm,None,TA,Fa,Y,SBrkr,TA,WD
215000,7,2093,2,791,2,1986,1991,123.0,1,RL,NWAmes,Norm,BrkFace,TA,Gd,Y,SBrkr,TA,WD
230000,7,1840,2,944,2,2001,2001,0.0,0,RL,CollgCr,Norm,None,Gd,Gd,Y,SBrkr,Gd,WD
140000,6,1668,1,856,1,1950,2005,0.0,0,RL,NAmes,Norm,None,TA,TA,Y,SBrkr,TA,WD
207000,6,1848,2,833,1,1923,2000,0.0,1,RL,BrkSide,Norm,None,TA,TA,Y,SBrkr,Gd,WD
175900,7,1569,3,1386,2,2007,2007,130.0,1,RL,Blmngtn,Norm,BrkFace,Gd,Gd,Y,SBrkr,Gd,WD
124000,5,1144,1,1144,1,1963,1963,0.0,0,RL,NAmes,Norm,None,TA,TA,Y,SBrkr,TA,COD
223000,6,1844,2,1844,2,1969,1969,312.0,1,RL,Crawfor,Norm,BrkFace,Gd,TA,Y,SBrkr,Gd,WD
127500,6,1069,2,1069,2,1977,1977,0.0,1,RL,NPkVill,Norm,None,TA,Gd,Y,SBrkr,TA,WD
136500,6,848,2,848,1,2003,2003,170.0,0,RM,CollgCr,Norm,BrkFace,Gd,Gd,Y,SBrkr,Gd,WD
274970,6,2201,2,697,2,1966,1966,0.0,1,RL,Edwards,Norm,None,Gd,Gd,Y,SBrkr,Gd,WD
144000,5,1344,1,1024,1,1958,1983,0.0,1,RL,NAmes,Norm,None,TA,TA,Y,SBrkr,TA,WD
142000,6,1252,2,1252,1,1959,1959,243.0,0,RL,NAmes,Norm,Stone,Gd,TA,Y,SBrkr,Gd,WD
140000,5,1558,1,913,1,1945,1950,0.0,1,RL,NAmes,Norm,None,TA,TA,Y,FuseA,TA,WD
119000,5,804,1,788,1,1940,1992,294.0,2,RM,OldTown,Norm,Stone,TA,TA,Y,SBrkr,Gd,WD
182900,6,1440,2,1440,2,1981,1981,310.0,1,RL,NWAmes,Norm,BrkFace,Gd,Gd,Y,SBrkr,Gd,WD
192140,5,1838,2,732,2,2005,2005,0.0,1,RL,Gilbert,Norm,None,Gd,Gd,Y,SBrkr,TA,WD
143750,6,958,2,958,2,1976,1976,0.0,0,RL,NPkVill,Norm,None,TA,Gd,Y,SBrkr,TA,WD
64500,4,968,1,656,2,1927,2007,0.0,0,RL,OldTown,Norm,None,TA,TA,Y,SBrkr,TA,WD
186500,6,1792,2,936,2,2000,2000,318.0,1,RL,Gilbert,Norm,BrkFace,TA,Gd,Y,SBrkr,TA,WD
160000,5,1126,2,1126,2,1977,1977,0.0,1,RL,Mitchel,Norm,None,TA,TA,Y,SBrkr,TA,WD
174000,6,1537,2,1319,1,1962,2005,237.0,1,RL,NAmes,Norm,BrkFace,Gd,TA,Y,SBrkr,Gd,COD
120500,4,864,2,864,1,1971,1971,0.0,0,RL,NAmes,Norm,None,TA,TA,Y,SBrkr,TA,WD
149700,6,1236,2,912,1,1957,1996,0.0,0,RM,OldTown,Norm,None,TA,TA,Y,FuseA,TA,WD
197000,7,1725,2,539,2,1979,1979,96.0,1,RL,NWAmes,Norm,BrkFace,TA,TA,Y,SBrkr,TA,WD
191000,6,2555,2,588,2,1922,1994,0.0,1,RL,Crawfor,Norm,None,TA,Ex,Y,SBrkr,TA,WD
149300,6,848,2,848,1,2004,2004,147.0,1,RM,CollgCr,Norm,BrkFace,Gd,Gd,Y,SBrkr,Gd,WD
121000,6,952,1,952,1,1916,1950,0.0,1,RL,BrkSide,Norm,None,TA,TA,N,FuseF,Fa,WD
179600,7,1422,2,1422,2,2004,2004,106.0,0,RL,CollgCr,Norm,BrkFace,Gd,Gd,Y,SBrkr,Gd,WD
129000,6,913,1,814,1,1966,1966,0.0,0,RL,Sawyer,Norm,None,TA,TA,Y,SBrkr,TA,WD
157900,5,1188,1,1188,1,1962,1962,189.0,0,RL,Mitchel,Norm,BrkFace,TA,TA,Y,SBrkr,TA,WD
112000,4,1346,1,560,1,1910,2000,0.0,0,RL,Edwards,Norm,None,TA,Fa,N,SBrkr,TA,WD
92000,5,630,0,630,1,1970,1970,0.0,0,RM,MeadowV,Norm,None,TA,Gd,Y,SBrkr,Ex,WD
136000,5,1792,0,896,2,1974,1974,0.0,0,RL,NAmes,Norm,None,TA,Gd,Y,SBrkr,TA,WD
287090,8,1578,3,1573,2,2008,2009,194.0,1,RL,Somerst,Norm,Stone,Gd,Gd,Y,SBrkr,Ex,New
145000,5,1072,2,547,1,2005,2005,80.0,0,RM,Edwards,Norm,BrkFace,TA,Gd,Y,SBrkr,TA,WD
84500,5,1140,0,1140,1,2006,2006,0.0,0,RL,Mitchel,Norm,None,TA,Gd,Y,SBrkr,TA,WD
185000,7,1221,2,1221,2,2004,2005,0.0,0,FV,Somerst,Norm,None,Gd,Gd,Y,SBrkr,Gd,WD
175000,6,1647,2,953,2,1999,2000,0.0,1,RL,Gilbert,Norm,None,TA,Gd,Y,SBrkr,TA,WD
210000,6,2073,2,1542,2,1978,1988,119.0,2,RL,NWAmes,Norm,Stone,TA,Gd,Y,SBrkr,TA,WD
266500,7,2340,1,1152,2,1941,2006,0.0,2,RL,Crawfor,Norm,None,Ex,TA,Y,SBrkr,Gd,WD
142125,5,1078,1,1078,1,1950,1996,0.0,0,RL,NAmes,Norm,None,TA,TA,Y,FuseA,Gd,WD
147500,5,1256,1,1256,1,1965,1965,0.0,0,RL,Edwards,Norm,None,Gd,TA,Y,SBrkr,TA,WD
